-- Auto-imported from local DB dump
\unrestrict
--
-- PostgreSQL database dump
--

\restrict BdZmtZ9oOfLMJyYYvgPbAoxX8fc8nDGh9Oee6LOO3eXbe3MNWZkKgjp3UjIsCkx

-- Dumped from database version 18.3
-- Dumped by pg_dump version 18.3

SET statement_timeout = 0;
SET lock_timeout = 0;
SET idle_in_transaction_session_timeout = 0;
SET transaction_timeout = 0;
SET client_encoding = 'UTF8';
SET standard_conforming_strings = on;
SELECT pg_catalog.set_config('search_path', '', false);
SET check_function_bodies = false;
SET xmloption = content;
SET client_min_messages = warning;
SET row_security = off;

--
-- Data for Name: activity_logs; Type: TABLE DATA; Schema: public; Owner: kalam
--

COPY public.activity_logs (id, entity_type, entity_id, action, description, user_id, user_name, created_at) FROM stdin;
1	lift	72	UPDATE	Data lift "Kevin Brian Bela" diperbarui	1		2026-05-09 00:54:08.061
2	lift	72	UPDATE	Data lift "Kevin Brian Bela" diperbarui	1		2026-05-09 00:58:22.309
3	lift	96	CREATE	Data lift "Kalam" ditambahkan	4	kalam	2026-05-09 00:59:38.777
4	lift	96	DELETE	Data lift dihapus	1	Super Admin	2026-05-09 01:03:42.329
5	lift	97	CREATE	Data lift "Kalam" ditambahkan	4	Kalam Aulia	2026-05-09 01:04:14.618
6	lift	97	DELETE	Data lift dihapus	1	Super Admin	2026-05-09 01:06:29.823
7	lift	98	CREATE	Data lift "Kalam" ditambahkan	4	Kalam Aulia	2026-05-09 01:07:18.468
8	lift	98	UPDATE	Data lift "Kalam" diperbarui	1	Super Admin	2026-05-10 05:15:09.079
9	lift	98	UPDATE	Data lift "Kalam" diperbarui	1	Super Admin	2026-05-11 01:29:17.312
10	lift	98	UPDATE	Akses: Lantai 3, 5, 7 → Lantai 5, 7	1	Super Admin	2026-05-11 01:46:54.882
11	pc	58	UPDATE	Tgl Kirim: "-" → "06/05/2026"	1	Super Admin	2026-05-11 02:04:53.694
12	stock_move	34	CREATE	MASUK adaptor (Adaptor 12V) — +1 unit · Adiva Comp	4	Kalam Aulia	2026-05-11 03:39:17.271
13	stock_move	34	DELETE	Transaksi stok dihapus	1	Super Admin	2026-05-11 03:39:54.01
14	laptop	247	CREATE	Data Laptop "asus" ditambahkan	1	Super Admin	2026-05-11 03:52:57.659
15	laptop	247	DELETE	Data Laptop dihapus	1	Super Admin	2026-05-11 03:53:04.956
16	lift	74	UPDATE	Masa Berlaku: 8/1/2026 → 1/8/2026	1	Super Admin	2026-05-11 03:58:02.578
17	stock_move	35	CREATE	MASUK Adaptor (Adaptor 12V) — +1 unit · City Electronic	4	Kalam Aulia	2026-05-12 04:00:32.458
18	stock_move	35	DELETE	MASUK Adaptor (Adaptor 12V) — +1 unit · City Electronic dihapus	1	Super Admin	2026-05-12 04:01:22.566
19	stock_move	36	CREATE	MASUK adaptor (Adaptor 12V) — +1 unit · Adiva Comp	1	Super Admin	2026-05-12 05:32:57.606
20	stock_move	36	DELETE	MASUK adaptor (Adaptor 12V) — +1 unit · Adiva Comp dihapus	1	Super Admin	2026-05-12 05:51:33.036
21	lift	98	DELETE	Data lift dihapus	1	Super Admin	2026-05-12 05:54:33.955
22	lift	99	CREATE	Data lift "Kalam" ditambahkan	1	Super Admin	2026-05-12 06:00:43.396
23	lift	99	DELETE	Data lift dihapus	1	Super Admin	2026-05-12 06:00:51.544
24	laptop	248	CREATE	Data Laptop "ASUS" ditambahkan	1	Super Admin	2026-05-12 06:03:03.572
25	laptop	248	DELETE	Data Laptop dihapus	1	Super Admin	2026-05-12 06:03:11.77
26	lift	100	CREATE	Data lift "Kalam" ditambahkan	1	Super Admin	2026-05-12 06:07:51.063
27	lift	100	DELETE	Data lift dihapus	1	Super Admin	2026-05-12 06:08:07.821
28	lift	101	CREATE	Data lift "Kalam" ditambahkan	1	Super Admin	2026-05-12 06:11:09.19
29	lift	101	DELETE	Data lift dihapus	1	Super Admin	2026-05-12 06:11:29.677
30	lift	102	CREATE	Data lift "Kalam" ditambahkan	1	Super Admin	2026-05-12 06:12:05.187
31	lift	102	DELETE	Data lift dihapus	1	Super Admin	2026-05-12 06:12:12.477
32	stock_move	37	CREATE	MASUK RAM Laptop DDR4 (RAM Laptop DDR4) — +1 unit · Adiva Comp	1	Super Admin	2026-05-12 06:36:47.403
33	lift	103	CREATE	Data lift "Siauw Sherli" ditambahkan	1	Super Admin	2026-05-12 06:45:56.675
34	lift	103	UPDATE	Akses: Lantai 5, 7 → Lantai 3, 5, 7	1	Super Admin	2026-05-12 06:55:18.838
35	laptop	231	UPDATE	Untuk: "IFHAM (Logistik)" → "IFHAM" · Departemen: "-" → "Logistik" · SN: "-" → "PF5FCZ86"	1	Super Admin	2026-05-13 06:24:07.906
36	laptop	249	CREATE	Data Laptop "Laptop Asus Vivobook 16X K3605V" ditambahkan	1	Super Admin	2026-05-13 06:27:26.565
37	laptop	233	UPDATE	Departemen: "-" → "HSE" · SN: "-" → "PF5WR0DT"	1	Super Admin	2026-05-13 06:30:14.369
38	laptop	250	CREATE	Data Laptop "Laptop Lenovo IDEAPAD SLIM 3 14AMN8" ditambahkan	1	Super Admin	2026-05-13 06:34:10.169
39	laptop	251	CREATE	Data Laptop "Laptop Lenovo IDEAPAD SLIM 3 14AMN8" ditambahkan	1	Super Admin	2026-05-13 06:35:37.06
40	laptop	252	CREATE	Data Laptop "Laptop Lenovo IDEAPAD SLIM 3 14AMN8" ditambahkan	1	Super Admin	2026-05-13 06:37:18.971
41	laptop	253	CREATE	Data Laptop "Laptop Lenovo IDEAPAD SLIM 3 14AMN8" ditambahkan	1	Super Admin	2026-05-13 06:39:34.48
42	laptop	254	CREATE	Data Laptop "Laptop Lenovo V14 G4" ditambahkan	1	Super Admin	2026-05-13 06:41:16.205
43	laptop	255	CREATE	Data Laptop "Laptop Acer Aspire Lite" ditambahkan	1	Super Admin	2026-05-13 06:43:38.366
44	laptop	254	UPDATE	Data Laptop "Laptop Lenovo V14 G4" diperbarui	1	Super Admin	2026-05-13 06:46:48.56
45	laptop	241	UPDATE	Serah Terima PDF: "-" → "Diperbarui"	1	Super Admin	2026-05-13 06:51:05.074
46	laptop	255	UPDATE	Serah Terima PDF: "-" → "Diperbarui"	1	Super Admin	2026-05-13 06:52:56.291
47	laptop	224	UPDATE	Serah Terima PDF: "-" → "Diperbarui"	3	Rudi Wicaksono	2026-05-13 07:01:12.057
48	storage	3	CREATE	Data Storage "Seagate Skyhawk CCTV" ditambahkan	1	Super Admin	2026-05-15 08:15:16.949
49	stock_move	38	CREATE	MASUK PSU 400 watt (PSU) — +4 unit · Java Computer	1	Super Admin	2026-05-15 08:16:54.11
50	lift	23	UPDATE	Masa Berlaku: 1/1/2026 → 1/11/2026	1	Super Admin	2026-05-16 02:12:00.717
51	stock_move	39	CREATE	KELUAR RAM PC DDR3 8GB (RAM PC DDR3) — +1 unit · Hendra ws89	3	Rudi Wicaksono	2026-05-18 08:31:46.802
52	stock_move	40	CREATE	KELUAR PSU 400 watt (PSU) — +1 unit · Hendra ws89	3	Rudi Wicaksono	2026-05-18 08:32:22.081
53	pc	59	CREATE	Data PC "PC Brizzz DA H61" ditambahkan	1	Super Admin	2026-05-20 03:42:35.057
54	stock_move	41	CREATE	MASUK PSU 400 watt (PSU) — +1 unit · Adiva Comp	3	Rudi Wicaksono	2026-05-25 07:39:19.113
55	stock_move	42	CREATE	MASUK RAM PC DDR3 8GB (RAM PC DDR3) — +1 unit · Adiva Comp	3	Rudi Wicaksono	2026-05-25 07:39:34.711
56	mouse	22	CREATE	Data Mouse "Logitech M171" ditambahkan	1	Super Admin	2026-05-26 05:22:31.09
57	laptop	256	CREATE	Data Laptop "asus" ditambahkan	3	Rudi Wicaksono	2026-05-30 02:58:28.365
58	laptop	256	UPDATE	Foto: "-" → "Diperbarui"	3	Rudi Wicaksono	2026-05-30 03:00:56.842
59	laptop	256	UPDATE	Merk: "asus" → "Asus V16 V3607VU" · Departemen: "-" → "IT"	3	Rudi Wicaksono	2026-05-30 03:02:47.278
60	laptop	256	UPDATE	Storage: "1 TB GB" → "1000 GB"	1	Super Admin	2026-05-30 03:05:07.778
61	pc	60	CREATE	Data PC "Pc Brizzz Dah61" ditambahkan	5	Habib Syaukani	2026-06-02 07:26:05.141
62	pc	60	UPDATE	Data PC "Pc Brizzz Dah61" diperbarui	5	Habib Syaukani	2026-06-02 07:30:04.839
63	monitor	29	CREATE	Data Monitor "Dahua 22 inch" ditambahkan	5	Habib Syaukani	2026-06-02 07:31:28.798
64	monitor	29	UPDATE	Diperuntukan: "Ramahdan Surya Saputar" → "Ramadhan Surya Saputra"	5	Habib Syaukani	2026-06-02 07:32:38.853
65	printer	38	CREATE	Data Printer "epson L121" ditambahkan	5	Habib Syaukani	2026-06-02 08:07:59.64
66	ups	23	CREATE	Data UPS "Prolink PRO700SFC" ditambahkan	5	Habib Syaukani	2026-06-02 08:10:34.911
67	ups	24	CREATE	Data UPS "Prolink PRO700SFC" ditambahkan	5	Habib Syaukani	2026-06-02 08:11:37.891
68	monitor	29	UPDATE	Departemen: "Plant" → "-" · Tgl Kirim: "-" → "03/06/2026"	5	Habib Syaukani	2026-06-02 08:12:07.3
69	pc	60	UPDATE	Tgl Kirim: "-" → "03/06/2026"	5	Habib Syaukani	2026-06-02 08:12:29.62
70	pc	60	UPDATE	Foto: "-" → "Diperbarui"	5	Habib Syaukani	2026-06-02 08:15:23.255
71	monitor	29	UPDATE	Data Monitor "Dahua 22 inch" diperbarui	5	Habib Syaukani	2026-06-02 08:15:52.66
72	monitor	29	UPDATE	Data Monitor "Dahua 22 inch" diperbarui	5	Habib Syaukani	2026-06-02 08:16:06.536
73	printer	38	UPDATE	Departemen: "Plant" → "-" · Foto: "-" → "Diperbarui"	5	Habib Syaukani	2026-06-02 08:17:01.045
74	stock_move	43	CREATE	KELUAR PSU 400 watt (PSU) — +4 unit · Ariwan gam	3	Rudi Wicaksono	2026-06-04 01:06:24.178
75	laptop	243	UPDATE	Serah Terima PDF: "-" → "Diperbarui"	3	Rudi Wicaksono	2026-06-08 07:34:16.094
76	laptop	242	UPDATE	Serah Terima PDF: "-" → "Diperbarui"	3	Rudi Wicaksono	2026-06-08 07:34:34.327
77	laptop	257	CREATE	Data Laptop "Asus E1404F" ditambahkan	3	Rudi Wicaksono	2026-06-10 03:05:53.592
78	handover	1	CREATE	Serah terima barang "HP" ke "GAM" ditambahkan	1	Super Admin	2026-06-10 05:43:15.053
79	handover	2	CREATE	Serah terima barang PIC "Ariwan" di site "GAM" ke "Abby" ditambahkan	1	Super Admin	2026-06-11 03:04:17.177
\.


--
-- Data for Name: cctv; Type: TABLE DATA; Schema: public; Owner: kalam
--

COPY public.cctv (id, brand, storage, jumlah_orderan, diperuntukan, site, nomor_po, nomor_surat_jalan, status_barang, tanggal_masuk, tanggal_kirim, keterangan, foto, created_at, updated_at, departemen) FROM stdin;
1	EZVIZ H8c Pro	Vgen 128GB	4	RYAN ADE PUTRA	WS 88	77413	\N	BARU	2025-09-17 00:00:00	2025-09-20 00:00:00	u/detail lihat ERP	\N	2026-02-23 07:37:46.75	2026-02-23 07:37:46.75	\N
2	CCTV Power Supply	\N	1	IFHAM	WS 89	77964	\N	BARU	2025-09-23 00:00:00	2025-09-24 00:00:00	u/detail lihat ERP	\N	2026-02-23 07:37:46.896	2026-02-23 07:37:46.896	\N
3	DVR HDCVI DAHUA	\N	1	IFHAM	WS 89	78630	\N	BARU	2025-06-10 00:00:00	2025-07-10 00:00:00	u/detail lihat ERP	\N	2026-02-23 07:37:47.007	2026-02-23 07:37:47.007	\N
4	CCTV Power Supply	\N	1	IFHAM	WS 89	78630	\N	BARU	2025-06-10 00:00:00	2025-07-10 00:00:00	u/detail lihat ERP	\N	2026-02-23 07:37:47.104	2026-02-23 07:37:47.104	\N
5	CCTV JACK MALE	\N	25	IFHAM	WS 89	78630	\N	BARU	2025-06-10 00:00:00	\N	u/detail lihat ERP	\N	2026-02-23 07:37:47.199	2026-02-23 07:37:47.199	\N
6	CCTV JACK FEMALE	\N	24	RUDI WICAKSONO	HO	79237	\N	BARU	2025-10-13 00:00:00	\N	u/detail lihat ERP	\N	2026-02-23 07:37:47.312	2026-02-23 07:37:47.312	\N
7	CCTV Power Supply	\N	1	IFHAM	WS 89	79653	\N	BARU	2025-10-17 00:00:00	\N	u/detail lihat ERP	\N	2026-02-23 07:37:47.42	2026-02-23 07:37:47.42	\N
8	DVR HDCVI DAHUA	\N	1	IFHAM	WS 89	79653	\N	BARU	2025-10-17 00:00:00	\N	u/detail lihat ERP	\N	2026-02-23 07:37:47.515	2026-02-23 07:37:47.515	\N
9	CCTV TENAGA SURYA V30PRO OUTDOOR WIFI	\N	25	ARIWAN	GAM	77052	\N	BARU	2025-10-20 00:00:00	\N	u/detail lihat ERP	\N	2026-02-23 07:37:47.626	2026-02-23 07:37:47.626	\N
10	Ezviz	128	4	toha	WS89	91588	\N	BARU	2026-04-25 00:00:00	2026-04-25 00:00:00	untuk instalasi cctv di ws89	\N	2026-04-29 08:55:24.474	2026-04-29 08:55:24.474	Plant
11	Ezviz	128	4	toha	WS89	91985	\N	BARU	2026-04-25 00:00:00	2026-04-25 00:00:00	Untuk instalasi cctv di ws89	\N	2026-04-29 08:59:25.118	2026-04-29 08:59:25.118	Plant
\.


--
-- Data for Name: handovers; Type: TABLE DATA; Schema: public; Owner: kalam
--

COPY public.handovers (id, tanggal, ttd, created_at, updated_at, site, nama_penerima, pic, barang) FROM stdin;
2	2026-06-10 00:00:00	data:image/png;base64,iVBORw0KGgoAAAANSUhEUgAAAlgAAADICAYAAAA0n5+2AAAQAElEQVR4Aeydeew1313X74O/0tKVqlAT0aggKAqIELcYxOaXNMQSxSgQNcYajVFqokYwMcYo/5jgEgMUEyJrAgTC3kBIoWVJ2FL2JUDZd8oWStdfKX34vO9z595zP98z+5kz55x5PZm5c9bP8jpnznzu3Hnm+x4n/kFABB7pgx0CEIDADAKsGzNg0fRoBAiwjjbiff4+7qs4ejlXkKPPAPwfILDpujGglyoIVECAAKuCQcLEPQlwBdmTPrprIMCXkBpGCRvzEyDAys8cjRDIQgAlEMhDgC8heTijpTYCBFi1jRj2QgACEIAABCBQPIGGAqzUt6mLHzsMhECzBDibmx1aHIPAYQg0FGBxm/owsxZHdyGQM+jhbN5liFFaC4FVduY8k1cZ+rBzZaY3FGA9HAtKIACBdAQIetKxRBIE9iNQ8ZlcmekEWPvNcjRDAAL7EEArBCAAgc0JEGBtjnhfBZXdUd0XFtohAAEIQAACiQgQYCUCWaqYTe6oluosdkEAAhCAAAQKIUCAVchAYAYEIAABCEAgCYED/3SRhF8iIQRYiUAiBgLJCLA43qEExx0OMhAYJ8BPF+OMMrQgwMoAGRUQmEWAxfEOFzjucGycQfzRCPAFZrsRJ8Daji2SD09gh6VrB5VHHmZwH3n02/CdLzDbjSMB1nZskXxAAvcu77B07aDy3ucud4zQoxjcHXaOEIBAMQQIsIoZCgyBQIRAtXEKoUdkNNMWVTs30mJAGgRKJVBYgFUqJuyCwE4EiFN2Al+BWuZGBYOEiUcmQIB15NHH9+oJcBOj+iHEgVoIYCcEZhIgwJoJjOYQKIkANzFKGg1sgQAEIHAjMBxg8fX4RooUBCCwhgB9IVAdAS6BuYesAuIzTBwOsPh6nHt2oQ8CFwIzzuJLDw4QgEBaAlwC0/Icl1YB8RkmDgdY4zRokYsAeg5GYMZZfDAyuAsBCECgBgIEWDWMEjZCAAIQgAAECiWAWXECBFhxLotL+WFnMbpiOzKmxQ4NhkGgWAKsGyUOTd5RIcBKPAf4YScx0ALEMaYFDELTJuAcBCCQh8A2q3lf2JYswOpTkAcaWrYlcD+697ltNU+WXqRRk62nIQQg0BiBbS7ljUFqxJ2+sU4WYPUpaITfwd24H9373P5ozhYUadTZMj4cAWJhB6SVLAPbykjiRyICyQKsRPYgBgIQaJzAtrEwV/ndps+2AzvNreaGvzmHpo1jI63e43RqxBPcgAAERgm0v1yXcJUfHYYGGhQ6k5ob/uYcamDuT3eBO1jTWdFyhEChS+6I1U1Vv928+X3b392323Jt22nJ/k6TyQaBCwFNoUtyywOyIVAxAQKsigevNNNZcrOPyJtMo4Ipodf+HMvrnFas27dbk0Xbs6yXdL3cjmwQgAAETlpkwNBPQItxfy01EIBAaQS6O1QKqF5oxg2tcVaddJOuV5tE2WAHNghAQCfFUSloETqq71P8Pk6AdeSzYMpMoE3pBBTUaD3TObtmNkuGdt2Nepc5rbtekte3q601u9tkw+/clZCBwEEJxE6Qg6LAbUdAC6UrajS75CxoFAVuVUdAs3fsXFUbBUzxQOnR+W7+I/NccrT/IUvrZ79n7Di0qa36SX7Y7kVhhjQEIAABCNwT0OJ5X0IOAhAohcDvmSE+sLGi66a7UC+znAIgncsKmCwb2YakRJpHiiTfS5H+SFOKIACBrQkgv3wCWjTLtxILIXA8Agpenoq4rSBHAZV23YV6TaTNVkV+vZANb9tKGXIhkJ+ApnRmrTuozOzhYdX5BfOwIHAcAgURUHAVW3b1vwZ3Omev5uhVECGq9woz9aSxtJ/Adaz7mxRds8Z+fX/J7NwOKjN7eFh1Oy3Wh+WN4xAYI/CN1sBfIbqA672tbqftehV4rhlwzVham+zTkb0JAn54a3Oqz35/WtXmF/ZuSWCL2UGAteWINSwb1zYj8LSTrAfX9VOgK941G6wb52Xp/LGrRSiHwCiBvsBrtCMNDkBgi9kRLJRzCbKmziVGewiMEFAwFTbROd//4HrYMn9aD+CbVploh9NJr5E4J/iAAAQgsCOBYlSvCLCuC2sxzhRjCLFnMUNRmSH+TtUPFmz/ezrbVqwlThJZCEBgGgGuNdM47dSKRXEL8MSeW1BtXaZ/jkmz6MMLd9rftbrc1SrcaswbJkBtPQS0StRj7eEsJcA63JDjcIEE3mw2+e+iNZyb/jUSPm9utb35QWvb27neQWcuMdq3RaCGRbwt4njTOoEl/j3fdXqny5ec9d+h31Gysalt886nll+3vOPRIaSse8amtp4AKzVR5EFgHoG3uua6Kj3blZWc9WuIfzarZNuxrSYCFUQvOnlrQoqt2xLwi+O22qZIpw0EjkVA75UKPY6ck8VfWcLrioz9hNAh0rUR0BAWaHM4ywo0D5Mg4AlEFnPfhDwEILARgc92cnsuIT3FrvOO2X/ndH+Jy5OtisCM+VZoLLYVbuRCYA4BAqw5tKpuW+dKWKfVkyfKv3Ata31+6dOdH40Pm/P2yNkZsdiRMeH7MQkcJ8A6/JJf50pYjNXbzB8v1f9cWNOqNGGoanIHWyEAgTwE/DKYR2sOLccJsFj+c8yndnWknz/+vVc7/s/BJAvcj7rB9+/IctVkIQABCIhA+sVVUkvYjxNglUB7pQ10r5uAC2Nc9rTj/xxMssB9iBudQ68tfnAdG7IQgMABCBx6ETzA+OJiQQSCMMa/8byVuz2BiwWB38EUQOwAHZV7EkB3hEDRARbfAiMjRlELBPwbz32+Vh/1RvrQdh9IhnWkIQCBwxI4xtW96ACLb4GHPftadvy/OOdamuYvcr75P17tqsleCZCAwKEItLTs9Q9c0QFWv9nUQGB/Agu/g32qs/zjXb7Y7ER/w5VzYpdiXcYwCEAAAosJEGAtRkfHggjsYkoYScwwwAcdXz6j765NJ/r7LmfkB7s8WQhAAAKHIECAdYhhxslCCDzj7Gji4XYXMfq/RfhDzufys86hnQ1+yyr9ZfmyyhU6Q2ASgYLm/JMAa5LVNIIABFYSeJbr38TD7SN3tupYY8JFecQhN4ZbZBV4ywrtzzMFy4MsSTABR97CoT0ah0P6XtCcr2PxO9pZkcHfQ554GbiOqAD7CKDdqstZlGWJX5cVZO2GZm/Fa/UL6FoZtfY/su8ljJk/kUuwqXkbSrjKcuLtPs10l2J3IzYyIJxei6b7ok4bOZNRrH+7f6j6N8MMaQhAoHwCBFg7jFF49dlBPSrLIJDpT+OU4excKw54jrzVGA3FlS+2ejYIQKAiAgRYFQ0WplZN4O3O+ue6fEvZA8ZHq4bvFdbbz4efsTI2CECgYgIEWCODRzUEEhHwD7gnElukmN+RVcHtmC9Unr2XwOe6Gv1U+P6ujGzxBIIZX7ytGJiDAAFWDsrogMDpdKRz7Y9owIPbWP9IefYoAQVTYYWw8Qb8kEg1aQ1dVmNRVjiBIy36hQ8F5kGgWQKsM/Gh1UtZH7kqWDkgZCGQjoA/3dJJjklKezJfbL8cYvoogwAEIFAGgfRWfP8Mka+1tv5O1Rdb2YE3rhwHHvxMrue9y5g2wLrYfjlkAoYaCEAAAkUQ+LAZVrzUtdXdrH/syg6W5cpxsAFv3t20AVbzuHAwIEASAhC4EdDdK92CeeW1SLlr5i4Re+7qSP8J4g4GGQiME+g/mcb77teCAGs/9mg+FgG+nrc93t3dq1vwFB9xvWDWXy1Yh9ueG3i3mkD8ZOoXW0ZNoye2X7/KgI0Vhyagn4BCANyxCGnUnX6dmf/osup8vaX7ts+zCr/mXrpZDRsEINAUAX+yN+JcndFuI/BxI07g2a74zS5/y7Z3yW39hPxoDd4EJ/+Z2gX7rwfpopKtGtPeqdXqSLXhV6MBVhuDgxcNErit8O/Z692EK3Vv3zIr2vPoxvk1lryN6un0c6f4P38HU0xeEm9K6VYEBH0r2ciFgCdAgOWJkK+aQHil28+RAc23Fb54Uwe8mFt1ey5pbs/y2z890UT/SoZjrr1HmvUTJwbN2iVwzJO83fE8lmeRxfoWvxSJwpv3W7OsjPg7q/9+jX92P9Wban4vkz5lVHyA+bvWb+6mPwY9t0957f0ZUJ6FWASBZASKDLCSeYegtgnUt1j78+3FswZoH38VRChAkPa+/fecH/75sg9y9Vtmva1b6poS9LzRDAiDMDF8kZXN3b5zbgfaLyEQDtWS/vSBwI2AX/BvNYWlmPaFDQjmpCBQ6rR+xpzrApW3WXrMzqesjQKHLtB6juX32PSc05itc+yS7+f2PUJ7is9duo/37RKX49I192WX/hw2JaBpPKiASghMJrD0ZJ+sIFVDpn0qksjZmYACl9AE3eEI83ul9X4m2aZTTQ/gTwkevK0KtCTjvK6MCxhv4RUM5BXU+eecBpqPVomHZJ4bCso5cfuQn7fck5Rv5tv4/JNe8c/vihdTWiOBpDO9RgCJba6F53khTOw74iojUMtkrQxrn7k+CHifvoaZynXRV2CgtWBoKqhNbPdmSoZkndTYV57uCsZb3DUfzrx9uHp27dmHgV7y01eHDik482382Pv+Yf6DwwzpvQn4oZxnTzgx5vVsvPVCrJvxXGhP3yiNLSJ9/ShviMBmk7URRonPOU9lY/Fe3V1ewdWQfk0NBS5qo7UitqtOcu4EZ85M0i9DJ9o1Jq+vPgygrj8vXnT+8OU49fC8qQ0Lavd6s0U/0+qn4ndYWvv32nHyNmOMJstM01CnQhpJSAkIlIY1sT1aMANvSZZBoHeZKcO8g1mR+JwTvQ1ESuysXUFCbKLJNpVr1/rw3AlSFVjoJ7VYU+mJlacq0wVdto7Kk2OjjU4n/Q+/IXlfYzKG6q369E77CNtI9Yda2Zwt7D+nX+62n2EKNQby8SMtrbmgn4r1Yl3t/8HKJm8SMrnx3g1rGaG9OR1YvxbQA7tfqutVLTOlQizZLh+M5H4OS0GPvzzIJpUtXRN0UY0x1wU3Vp6qzMuXb2tkv2Ck88f21Id6/Z9BmsZU9HuEF1asPwek+aKFSn/c2o9BZ+7ft8S32t7mJu/b9GyhV3TzBKad+L4XeQhAYA0BfwHO+RyWAgF/KdfFsi9AmuOnv+T4/BxZU9p6+fLNl02Rc2nzSBwu6ehh6O5VF2TIhrDzmMxb2xWW34RslvoxkywLtX+MpceuHf/R2nyV7WyzCfjTc7YAOhRCYOwkKcRMzIBA0wRyrai6+HtdCgBSBFcaIF18dex2ye7SqY/yJZQp3V2QE5bPSD8eWw/77l51Ol5tCc93MlvrW9r2a2bQY3NIbP+cpadun2UN/7ftbIsICPeijnQqjMDYglKYuZgDgWYI6LmV0BkfMIR1KdIm/5FdK+9EKQBKGQD49cTn75SvyOghau/LWl3G54FF4Rh9k9V6nVZ03rq+Lz/nbh+feUvOToW6cl1xn29W6iWx0qf9/LcSlbDy2PYbVig7w58BNac+ycrZLMQHFwAAEABJREFUIHB4AmsXpcMDBEApBKqzw/9MqAvVVk4oADD5d5dKBQ8pg6v3jhhvOiOl64u83VPeqD6kVf1jtup9YF2/l3aJyFF3zvz/GhTsfxtpu6TIy14iY6iPXimhwEjBlYKsobY/Z5VipV0vUdWD7R9lZd32f7oERwgcnQAB1tFnAP7vSUCBz9b6pUMXw1CPgisf4IX1S9K/vaTTgj7vPt17826TMRYUWJPBLfY/JRUgdZ30ioV7rV3N7ag/KXTLnU5r1la9ST+Utda/UJZPK3jTqziG7P0h6/Tosv9pO4bbl1lGdXY46bUMn6IEOwQgcLotAsCAAASyE9Cdj06pAoUuneqoQOqRE6af11IHV1Lh9ags9a67LI+CN5gqCAoZSt9cOyRT/fwelv8FXxnkNW5hW1WpTMel+xbj4215gxWInw8Mrfgk+7sH+sXzw1TYsyuoUpXm1b9Rgh0CEHhCYOhby5MWfEIAAlsS0AVMuw8U1urUz15epi6C4c9ea3V0/fXepy691VEXcr9e+bx0i6WOU/eYDPXtgpyxu1di7GWoTDKW7qEPCoKWyon1+wIrlMw/a0e/6U6WdMv+v+cre/IfZ+VfZPuft/3zbN9iQ2YmAhr8TKqKVpOKg18YinYa4xonkGpWN45pgnsi6X/20l2J3uBKHSbI7Wvin4nqa7emXC+tDPv7n9G6utAVBRJdeewoJrHysN/Q3Sv19TJSB5s/IyUJ9n9oMuTXP7Wj3+SDuPk549vF8j9hhf/E9p+2nW0JAZFf0m+DPpogG4itTmQqDgRYFQx9QefftrRSzeptraxB+v1PVqfzj2q6K9Fr+0r0W09RBQCh7crrweywbG5agVCf3SG/sI3HpHxYLxt8IKiyOXuoW/0+QB8rd8nUs1IxMf/JCgfnhtWXsXnSZVi13grNovVSkFAgAQKsAgfFm8T554mQHyCg4MNfiqLnuW80IHOoSvqG6tfWKTgITdXpMDUg0E+iffq7nwBj9V2d900/oYXtQ7tU/lp9rNy9zDXi9L8CxSs2/t9mgqXr0+xYxyZP6rAUKyFwJhA78c4VTXxo+VjvCBIgUAuB2EPtvWdBoutVr/wE0PT2cL9G+XyoRv6H+b67ST5wCvuE6dA34Yo9EN61V/3TXWbF0escFRV2CBrLx9j/PnyTtVGXv2VHNghAYEMCQ4vVhmozidaSl0kVaiCwM4G32FXT39nRz2BbmqWLeCh/6I5R2G5q2r89fMyfKetZ98qBPhu6VcP7pmehDHFftyT/I/tznPTPd/lotjP4UqmgSkXe1u5OYOx9ZZeuHOojgMUlE5iyIN3Z78/au0oyEIDAHgR0Wj5PV9VAuQKEvjs4QbNVSekNBfQ+RB82mpj2d6PkXgp/PsTpF6ewqFsTvW9Dz0LJtlDG0vQrXMd/7vJjWb3kUz8L+navtIIc/xHB1NS4+aGu0QdsLpFAt5hMti3VSjJZIQ0hAIExAro7EbbRaervZoX1KdJeZ+q7V97+KWtVeKUUA++nt/mxNQj7WPa8+eBO/bSfKyMdpth27jvyERE90uNWrf/F9+9v2XNKDCTzVeccHz0EhKmnimIIrCCQamFYYQJdayOgFbs2mxu2V3dg/JDkOK+9jnl3r7zF9wMkn8KSa3ATFo6k/VXzL1l7b/NftrLQkq6PD+509+farmtkfbV5W1WWYp8jVw/f/xmnVD+nen9dE7IQgMCWBDgBt6TbqOzbBaZRB+txS3darhf+i9kvvxy3PPiAZ/7dq/5J9KNmuPdJAY4VD26/7Gr9+6u+z9UrgPm/rkx+/borUzsVeZtUpt0HYypbsvs/NTRVruzzr6wQixQ/py7xgz4QgMCFAAHWBQQHEei7hqiOvTAC+uPD/iKst51/XQY7/box7+7VsIF6I3jQ4lHsmaKg/pr8Y9fUk8SPPzmcP3U3x09usQv/SLEa6vUMf1SJYFe7bw/yYdIHY2Hd3PTch88VVClM9X59qSl+P9vZIHBsAgV47xfKAkzChP0IaL3eTzuaZxH4Jtdad1+GXiPgmi/Omp67a/r8u1f9qiUrFG4T8vEL+5vf1YT97ioso8DJDtftVy6pWJ+wzPSfW/718+f9h+pecl+0KhfT2yfwM61CPwva4W7TG9U/8a6EDAQgsBsBAqzd0KMYAosJWJBz8hfkKT+jLVYYdLQ1Q7HFtSTl3Svvg+m66hlLeB5de/2E1qV1lPF/XAm3q532sLjTH8ru6ru6Lr/m2Kc3JvMnrfCTbPebbNTfBPTlS/P0g0A9BDT7C7Q25SJRoHuYBIHmCPwr88ift3/XynJsCuxCPbrjFObXpH2Q4fNLZMeeUevYvdEJ/F7Lh8u0AjErim5DddEOI4Wh3qGm+gnYvy5CYzK1/5Bs6iBQL4HUZ2QiEt1ik0gcYiAAgTOB7T7+nxOtC+yrXdlWWb9epLp7pfc0+SBBzz5N9cPbpWeu9L/qvIzXBwLfJ0gr+RH6CPbfvaTF95K8Hry+a8WChF5gGnb7zTATpBVw+gfX9VZ2f9cv6HLwpJ9RDsdItWtNFgLzCaRcKOZrpwcEIDCHgL8jo+9tuS6wusCHtqa8e/XpoWBLP2P7nE13dsL2egD8p8ICS8v+v2LHbvPXV78Wdg+d+3Y+38lbevxTrqMP/FStcfZ69eB9Z6PaLN+95OWSyuopagMWjVQP9KQKAtMI+EVlWq/tW6EBAhB4SMDfkcl1/uqBan8ZTnX3SoFaKFvXPQVID72fXqK7TqFM9fTsVNa3q39XF8oJ01392mMoU757ebGyT7ZGf9P2NFtMQxrJSIHAoQnkWqAPDRnnyyIQXtHKsmzQGt2BCRuEQUBYvkXaBzxvS6jE34FLsSZ5GXOHvLPp2wI/58oIuvYm/Zh6u2Ohj+z4X70SqchAABUQmEbAn9DTetEqLQEtmWkl7ietSF/ujYpdtfYDNklzST8NKih43iSrxxtJVtjK58O6gfT9+LqGsUA0VtZ1E+su3d0lGlTQNV5wHJIbm6b/YIEOukwgMDQQE7rTBAJRAgRYUSyZC2NLaWYTkqlb6Mu2C9xCo5JBWSXoo623/3kr9poBa5Z88z/fSYG3RWWz9kvjD7WjH/aFsh/3DbDKu7tRpu66eb3XCkuE78xS/6G21nzx9vOuZ/hwu/S66vNrOb7CF5LvCKwbphjwTjJHCCwlQIC1lFyx/dYtNHu5tcUCVyeJByPwOleiuy+/6sq2yt4FJ8bzDQkV/YCTpf/554omZ/W/6/wUEqe+9c1cicr+JVe6MOBzUuLZP+mK9XC77PJ+qNnT+mAfIhDDNtR+mzoN4DaSkVojgb4FqEZfDmLzmJtlLDRjVuaob4CEfq4K12y5dBf0bMjR/1z3blP+QYn0+TtjJvqkIGmNeK1lkqNdzOZyUr8/scgAaVvU8dpJupXxzFWmvy35WiXYyyfQDWT5lmJhDgJalHLoQUdNBNZfMGrytihbA/Tvb4b5Oygqs+LNt1hg521ZY4QPfsLXJ6yRq/VM+5CMt/ZUjvXr6WbF86+qPpCS7pgUTYccf1vSnNhhk3c7qEXlhgQQfUdAJ/ZdAZl1BJpYM2JL/Tos9J5IIECvP4ly7WXzSj95/ey1YLvE+5loH0yled+SCbbNBxfKf4+V59pif68xwJ7FDBvOOz0x/b7NXYcmMjGvm3AMJyDwhAAB1hMOyT6LWTPaX56TjVmBgvSG7nAE9RT3U+fHnLc39hedCgV23VvNXdWibOiXBPhgTmW595zroOcb+tqlPaOunCMEIFARgZwLSyVYGlnbion0Khn2ssx8gTPnN8757cdUwdRZ1eVDGp+6pFMcdLfqiZwnp5mexXqSz/f5RPNN382mW9mWqcv/APVmXFX2VlxbkKiOAINa3ZAlMZgA6wFGXVMeFFJQA4E2bHyVuRGux5qQL7GyTTdT+GZT4NcDn7cmi7f757oen+RXqrfBLzbKOua+g2aoTevZfR3v9kvdXRmZBghosjfgBi7MJJByAZ2pmuZHIcBVY9ZI/2vXOss5aheA5zu9qe8u+UAmi1/OJ5/NPTWH7pbltsWzIA+BHgJMzR4wo8XhIjfamAYQWELALt5Luh2xjx7ADlezXOj8hV96l95dUt9u7DpfYvK7NjmP4bu2vE057Oh4eF195b4deQjsQCA8pXdQX7FKAqzI4LHaRaBQlIOAf4XAp2ZQqkDDT/mU68IvmA9byjfxk7fweTJ/R22ykIUNxTnW1bOJtaHsBAII1Ecg5UJan/c9FhOv94Apvrjqa5X+zlzogKbhf9sYuR5qD3VK3fvqI+HuX96pZ7ESil8kyvu8SMiMTp9hbWM6Y2XW9FgbEI413kfylgCrmNFmmVk/FIpJ1kvZScKXOb1Jz00nW1k9Y+V1vMUqnvyPRUss3IYGQXXh3/pbqGJxN51kfXeSFgud0PGVkTayJVJ8vCJNiuN5jcdHIOAX2CP4XKiPLDOFDkwus3JecPVTZPhzmXxUwOVfD6HyuftQALP3eqOTLPdPg9LpGeYca6/7cHlgH27Ii3F47wWvGBDDhlALgawEYhflVAboz9I81wlTULT0oXYn6tQXpEmHb5s7n3O9+zhzLjaOXO8NTM4tNghb6S9rcMuyZivm+8idxjbngrMPB7RCoHwC/jzUs1FbWf3dneDLEqHrT8q7Ou/o5LtjSh1OdHFZvWrjKyNWfXWkjKKGCOhkyu5Or8KyrOk1s8qKaWz9wl6lqzGjLxePWBVlECiNQPj6ANm21XNKd3eRbImw7bTFGiC58qPbn+kSBzj+V/Pxs2z3m5jorpYvJw8BCDRKYIvFtQhUWs2KMAQjIDBOIMd5qODKf+/YSu8rApd1Kj4nyJeWTGnPp5mw/257bNuKdUwXZRCAQAEEOOkLGIT1Jvjr5nqJSMhKYOsB1E+OXsenbOjhF5hsBVZ22OQOmeSWtn+2GfTJtse2tf8zMyaTMghAoHACBFiFD9A087pr2bTWSVshLDWB1IOp907581z/i/B/pjbcyZNOBXauuKCsDzmXm/al1vVf2h7bNJ6p3y0W00MZBCAwRCDd+T6k5a5Oi+BdARkIQGBXAgqIUhnwNhPkHy7X6xj83x20Ziu3+OLlXwWxUkni7gp91ov8ThPx8bb3bU/3VVAOAQjMJBBfZ3qF3FWkOd/vRI5lCLDGCFEPgW0J+IAq1esSXm9m628b2uG66TmsVPKvQs+JHRavs959P77P1P812/s2UXldXyXlQwTWXEmH5FJXNQGdURU5QIBV0WBhapMEtjoHP9LR0tLk72a5JmRnEPgJa/vhtg9tW43tkM6EdXuK0nTdU//BdBPPbjLgLACbYC1dKGdTQSMUDkaqq4ruVIUuSi7nekhkXfqN1v0DbR/adAdxqJ46CJRDQCtEQmvCRS2h2OpE7bTogn/fmZL4bNrXmWK1LzAsxYmh4MrL2ek8NwLeEiuqfPtts98/tO5PKOX1xnxrygaB4xHQCTDd6/YWiZZOXGwAAAl1SURBVM73nRbeafjj2OOlnUMctyAA8y2oXmROOxkujUcOkuUHy+dHRCSulkWJRe4o7s2m+8W2h5teouoZ77SuhmaRzk/AT4P8FtSpsa1FIhyDgheC0ymOPV4aOkU6NQGYpya6Wt79Wv5dJi82SF9n5WxpCLzdxPj/ffkjVvZs28ONd16FNA6Vjp2ChwKAs45A0QGWs5XswQncxxTNwFi2Kt966VUMfzVC42VW9nLb2dYTEGP/NvpvN7F/0fZw08+z/ufDsJ50KwTwAwITCBBgTYBEkzII3GKKMuxJZMUat/TzlH8Vg8xSLPoaJdhXE/hak+AZv9rK/obt4aZx5H9phkRIQ+DgBAiwDj4BcH93Anrx5xIj9P4s/04rXeQVXC2Rl7NPLbr089/HOmP/v+V1Z9BzZi01MGwQgMCNAIvCjQUpCOxBwN8d+Y4JRuhP0Pi7JQqu2j2ffTgzAVKCJu9wMn7Z8p9gu7fmY6yMDQIQgMAdgXYX5Ds3a874tfx0OtXsDraPEYg9T9X1eZMl9JyPP2/bDq7M6Z7/8aKajfZH4hzKFuNfs4IX2B5u32yZb7CdDQIQgMAdAb9Q31WSKYGA1vUS7MCGTAT6zkld8F9oNviIWxOkr481Z1tAwALZx57zK03OR9gebnptw0vDgsOlPaXDAcBhT4D8jQAL840FKQjsRUDBU6hbef0MqOezlFYQFbuUqY5zOCS3Pv0lJkKBrB2um9i/6pp7ktCY+HZPao70KQpH8nehr5pAC7vSrWICLM4LB48TZiE4usUI+OepNL10bj5ljZW2w4NNwZfv96ARBbMJfKLr8a2WVyBrh+umsELjcy1Il0BSiwQ0YVr0C5+GCbBIDPPpreWE6UVDxTIC/iLeJ+WdVqGgy/8PQitmW0nAn9Zi/VEmU7ztcN1YN68oSEAAAn0EWCj6yFBeJYGKjdbdKH+BD93RxV4Xer06ICyvPy2v9vfCB7jdWHjr/vP+pmIBBCBQAwECrBpGCRuPQkDnoy7o3f77p0endgOrblS7UKbL5z/+lqkUcztcN/0E6+8S/rTV/g/b2SAAAQiMEtCCHjRqIOmXyQZcwoXDEnjq9PjU3h2r8obzDzuTFPL54Opd1uYDbGeDAAQgMIlA1gArS+yjpXGS64kbZXEusc2IgwAE9GdvPAV/NmtVeZZvRD4zAdTlIeBnfx6tTWrJGmBplWqSopxq2jk5yL4NAVazbbhOlvp3Rlrq2ays6+SIPVRDYFsCXMuS8WXhmIySC+FDVDB5yGRuSbbVbK5hR2k/NIm/xSDoPx/YYaNtSPtGKusTC6T6xgyLRYAASxQm7S1dCFMtWC0xmTQJaNQWgTf0uKOJrZPkb/fUpyuWpnTSGpUEpEYHtnm3CLCmDnFT7ViwmhpOnFlK4AOtoz8Z9DA766KBYYMABNYRWLGQ6AveOuX0hgAEILCKwPplSGtgF2R9vtnCw+wGga0uAlhbJgEtLgst69akhd3pBgEIQGAtgTTLkNZBhWqvWGsO/SFwCAI6Ww7h6DontbCsk7Bzb8Z55wFAPQSqJ4ADEIDALAJpvtjMUllj4+oDLMa5xmmHzRCAAATaI8AX/prGdPvRqj7Aqmk4W7UVvyAAAQhA4HRq7gv/9jHIjtNm+9E6WIDV9GzZcaKiGgIQgAAEBglUdvk5m7t9DDKILEFlGhFnGPNF5QmwFho3352xHsyWMULUQwACEIDABgQWXn72unwuNHcDcEMiM9FZCCNPgLXQuCGs1EEAAhCAwMYEEL87AS6fQ0NQNp08AVaET6a4M6KZIgg0RoCTqbEBxR0IQKAFArsFWGXHnS0MLT4UQOChCVsEQ5xMDzlTAgEIQCAngcjavluAldNvdEGgGAIEQ8UMxZghkfVyrAv1LRJgIrQ4qul9iqztZQdY6REgEQIQgMAkApH1clI/GjVGgInQ2IDmc4cAKx9rNEEgEwG+cmcCjZoDE8B1CIwRIMAaI0Q9BKojwFfu6oYMgyEAgeYIEGA1N6Q4BIFtCKS9L7aNjUiFAAQgUAqBNgIsVv5S5hN2NEyA+2INDy6uQQACyQlUGWA9iKcOuPInnwkIhAAEIAABCEAgGYEqAyziqWTjj6CdCDz4krCTHaiFAAQgkJgA4i4EqgywLrZzgEC1BLJ/SSCiq3auYDgEIFAnAQKsOscNqyEwj0D2iG6eebQOCCRKElMnAokYCCwkUFyAdV4Uzh8LPaIbBCAAAQiciKkLmARcywoYhP1MKC7AOi8K54/9oKC5agIYDwEIQKAMAlzLyhiHnawoLsDaiQNqIQABCEAAAhCAQDICDwOsZKIRBIEcBEq7B1+aPTnGAB0QgAAEIOAJEGB5IuQrI1DaPfjS7KlsODEXAgMEllTxlWcJNfqkIECAlYIiMiAAgSYIcDFuYhjvnOArzx0OMhkJEGBlhI2qvAS4WHre5McIcDEeI1RgPSd6gYOSy6SyB58AK9c8QE92AlwssyNvSGHZC3dDoNe7wom+nmG1EsoefAKsGROLphCAwFEI5F24CeeOMq/w80gECLCONNr4CgEIFEkgbzhXJAKMWkdgl958MRjGToA1zIfaYghwKqcdCnim5Yk0CByPAF8MhsecAGuYD7XFEOBUTjsU8LzjSQYCEKiLQAXfEQmw6ppSWAsBCEAAAhAICFQQaQTWJktW8B2RACvZaOcXVNBpld95NEIAAhCAgBGoINIwK4+4EWBVPOqcVhUPHqZDAAIQaJ5ACbcB9oNMgLUfezRDAAIQgAAEGiZw7NsABFi7Tu1jR/e7okc5BCAwiQCNIACBZQQ2D7AIIYYGprTontEaGi3qIACB9ARYddIzRWIZBDYPsEoLIcrAXqoVjFb6kUEiBCAwRIBVZ4gOdTUT2DzAqhkOtkPg6AS4u1DrDGDkah057G6HQPEBVjuo8eTYBOq84HF3odZZy8jVOnLY3Q4BAqx2xhJPiibABa/o4cE4CMwnUGCPOr/IbQZyZxzHCbB2Br3ZBEIwBCAAAQhA4EyAL3JnDN3HzjiOE2DtDLobb47lElgUgy/qVC6DrJahbJQA02sUEQ0gUCyB4wRYxQ4BhmUjMHK1WhSDL+qUzWMUVU6A6VX5AGL+oQkQYNU7/Fg+lwBXq7nEaA8BCEAAAgsJEGAtBEc3CEAAAhCAAARiBCgTAQIsUWCHAAQgAIFGCIw8C9CIl7hRPoGHARZzs/xRw0IIQKBpAji3hgDPAqyhR990BP4AAAD//5VrD7AAAAAGSURBVAMAm2oMzkkK44YAAAAASUVORK5CYII=	2026-06-11 03:04:17.166	2026-06-11 03:25:42.802	GAM	Abby	Ariwan	<ul><li>Laptop</li><li>Mouse</li><li>Keyboard</li></ul>
\.


--
-- Data for Name: laptops; Type: TABLE DATA; Schema: public; Owner: postgres
--

COPY public.laptops (id, merk, prosesor, ssd_hdd, ram, monitor, printer, keyboard, masuk, kirim, unit, untuk, site, po, status, kerusakan, surat_jalan, catatan, gambar, created_at, updated_at, sn, departemen, serah_terima_pdf) FROM stdin;
177	ASUS A516J	i3 -10	SSD 256 Gb	4Gb	\N	\N	\N	2022-11-11 00:00:00	2022-11-11 00:00:00	\N	NUR	ARSY	32307	BARU	\N	\N	u/detail lihat di ERP\nPindah ke HO untuk Nurdinawati	\N	2026-02-11 02:06:42.303	2026-02-11 02:06:42.303	\N	\N	\N
178	ASUS A516J	i5-10	SSD 256 Gb	8Gb	\N	\N	\N	2022-11-11 00:00:00	2022-11-11 00:00:00	\N	I KETUT SUARDANA	GAM	32306	BARU	\N	\N	u/detail lihat di ERP	\N	2026-02-11 02:06:42.492	2026-02-11 02:06:42.492	\N	\N	\N
179	ASUS A516JA0	i3-10	SSD 256 Gb	8 Gb	\N	\N	\N	2022-11-19 00:00:00	2022-11-19 00:00:00	\N	M.MAMUN	GAM	32596	BARU	\N	\N	u/detail lihat di ERP	\N	2026-02-11 02:06:42.632	2026-02-11 02:06:42.632	\N	\N	\N
180	ASUS A416J	i3-10	SSD 256Gb	8Gb	\N	\N	\N	2022-11-22 00:00:00	2022-11-22 00:00:00	\N	SOLIKAN (UNTUK TRAINER)	ARSY	32709	BARU	\N	\N	u/detail lihat di ERP	\N	2026-02-11 02:06:42.731	2026-02-11 02:06:42.731	\N	\N	\N
183	ASUS A416J	i3-10	SSD 256 Gb	8Gb	\N	\N	\N	2022-12-13 00:00:00	2022-12-13 00:00:00	\N	Charles	ARSY	33329	BARU	\N	\N	u/detail lihat di ERP	\N	2026-02-11 02:06:43.013	2026-02-11 02:06:43.013	\N	\N	\N
185	ASUS A416	i3	SSD 256Gb	8Gb	\N	\N	\N	2023-01-21 00:00:00	2023-01-21 00:00:00	\N	Tahmid	GAM	34445	BARU	\N	\N	u/detail lihat di ERP	\N	2026-02-11 02:06:43.192	2026-02-11 02:06:43.192	\N	\N	\N
186	ASUS A416	i3	SSD 256 Gb	8Gb	\N	\N	\N	2023-01-21 00:00:00	2023-01-21 00:00:00	\N	Suhaili (Supt.Plant)	GAM	34445	BARU	\N	\N	sebelumnya digunakan oleh Tian	\N	2026-02-11 02:06:43.281	2026-02-11 02:06:43.281	\N	\N	\N
188	ASUS ROG G513	AMD R7 & VGA 4Gb	SSD 512Gb	8Gb	\N	\N	\N	2023-12-04 00:00:00	2023-04-14 00:00:00	\N	RAJA	GAM	37358	BARU	\N	\N	u/detail lihat di ERP	\N	2026-02-11 02:06:43.477	2026-02-11 02:06:43.477	\N	\N	\N
189	ASUS A1400E	i3	SSD 256GB	8GB	\N	\N	\N	2023-09-10 00:00:00	2023-10-10 00:00:00	\N	Sugeng Ryanto (Supt.plant )	GAM	42139	BARU	\N	\N	u/detail lihat di ERP	\N	2026-02-11 02:06:43.563	2026-02-11 02:06:43.563	\N	\N	\N
191	ASUS VIVOBOOK X415EA	i3 Gen 11 3Ghz	SSD 250 Gb	8Gb	\N	\N	\N	2023-11-30 00:00:00	2023-11-30 00:00:00	\N	M.RIZKI (resign)	HO	43845	BARU	\N	\N	u/detail lihat di ERP	\N	2026-02-11 02:06:43.74	2026-02-11 02:06:43.74	\N	\N	\N
192	ASUS P1412CEA	i3-1115G4	SSD 256 Gb	8Gb	\N	\N	\N	2024-01-19 00:00:00	2024-01-20 00:00:00	1	TIMSON H.SIMAMORA	HO	44786	BARU	\N	\N	Semenjak Resign eks laptop Hendri diserahkan ke Joko Iswanto kemudian diberikan lagi ke Timson H.Simamora	\N	2026-02-11 02:06:43.836	2026-02-11 02:06:43.836	\N	\N	\N
193	ASUS VIVOBOOK	i5-1235U (12cpus) 1,3 Ghz	SSD 500Gb	DDR4 8Gb	\N	\N	\N	2024-06-02 00:00:00	\N	\N	AGUS SUBIYANTORO (Project Manager)	ARSY	45333	BARU	\N	\N	u/detail lihat di ERP	\N	2026-02-11 02:06:43.92	2026-02-11 02:06:43.92	\N	\N	\N
194	ASUS P1412CEA Expert Book	i3-1115G4 3Ghz	SSD 250Gb	8Gb	\N	\N	\N	2024-07-02 00:00:00	2024-02-26 00:00:00	\N	ALVIN APRILYANTO (ACCOUNTING)	HO	44965	BARU	\N	\N	u/detail lihat di ERP	\N	2026-02-11 02:06:44.002	2026-02-11 02:06:44.002	\N	\N	\N
199	LENOVO 82TS	i3-1215U(8cpu) 1,2 Ghz	SSD 256 Gb	8 Gb	\N	\N	\N	2024-04-03 00:00:00	2024-07-03 00:00:00	\N	DHADY PRAKOSO (ADMIN FUEL)	GAM	46074	BARU	\N	\N	u/detail lihat di ERP	\N	2026-02-11 02:06:44.475	2026-02-11 02:06:44.475	\N	\N	\N
200	LENOVO V14G3 82TS	i3-1215U(8cpu) 1,2 Ghz	NVME 256 Gb	DDR4 8 Gb	\N	\N	\N	2024-03-18 00:00:00	2024-03-20 00:00:00	\N	BAMBANG (SUPT.PLANT)	GAM	46679	BARU	diinstallkan Win 11 Ghost dikarenakan laptop barunya tidak ada OS nya	\N	u/detail lihat ERP	\N	2026-02-11 02:06:44.561	2026-02-11 02:06:44.561	\N	\N	\N
201	LENOVO V14G3 82TS	i3-1215U(8cpu) 1,2 Ghz	NVME 256 Gb	DDR4 8 Gb	\N	\N	\N	2024-03-18 00:00:00	2024-03-20 00:00:00	\N	SELAMET (SUPT.PLANT)	ARSY	46677	BARU	diinstallkan Win 11 Ghost dikarenakan laptop barunya tidak ada OS nya	\N	u/detail lihat ERP	\N	2026-02-11 02:06:44.651	2026-02-11 02:06:44.651	\N	\N	\N
202	LENOVO V14Q3	i3-1215U (8core) 1,2 Ghz	SSD 256 Gb	DDR4 8Gb	\N	\N	\N	2024-04-17 00:00:00	2024-03-05 00:00:00	\N	FREDY BASONG (SPV.LOGISTIK)	GAM	47527	BARU	\N	\N	diserahkan langsung ke user diktr HO, laptop eks Shandi dihand over ke Fredi Basong	\N	2026-02-11 02:06:44.735	2026-02-11 02:06:44.735	\N	\N	\N
203	LENOVO	AMD RYZEN 3 5300U 2,6 Ghz	SSD 256 Gb	DDR4 8Gb	\N	\N	\N	2024-06-05 00:00:00	2024-08-05 00:00:00	\N	SURATMAN / REKSI	GAM	48518	BARU	\N	\N	u/detail lihat ERP	\N	2026-02-11 02:06:44.825	2026-02-11 02:06:44.825	\N	\N	\N
204	ASUS ROG INTELLIGENT COOLING	i7-13650HX(20 Cpus) 2,6 Ghz	SSD 500 Gb	16 Gb	\N	\N	\N	2024-05-16 00:00:00	2024-05-27 00:00:00	\N	TASRIN (ENGINEERING)	AKP	47529	BARU	\N	\N	u/detail lihat ERP	\N	2026-02-11 02:06:44.923	2026-02-11 02:06:44.923	\N	\N	\N
205	ASUS ROG INTELLIGENT COOLING	i7-13650HX(20 Cpus) 2,6 Ghz	SSD 500 Gb	16 Gb	\N	\N	\N	2024-05-16 00:00:00	2024-05-27 00:00:00	\N	BAHTA (ENGINEERING)	AKP	47529	BARU	\N	\N	u/detail lihat ERP	\N	2026-02-11 02:06:45.006	2026-02-11 02:06:45.006	\N	\N	\N
206	ASUS VIVOBOOK X1404ZA	i5-1235U(12cpus) 1,3 Ghz	SSD 500 Gb	8 GB	\N	\N	MOUSE LOGITECH	2024-05-22 00:00:00	2024-05-24 00:00:00	\N	IWAN NYOLO NYOLO (SUPT.LOGISTIK)	HO	49359	BARU	\N	\N	\N	\N	2026-02-11 02:06:45.102	2026-02-11 02:06:45.102	\N	\N	\N
207	LAPTOP LENOVO 82TS	i5-1235U(12cpus) 1,3 Ghz	SSD 500 Gb	8 Gb	\N	\N	MOUSE ROBOT	2024-06-14 00:00:00	2024-06-18 00:00:00	\N	ERISTA (TATA) PAJAK	HO	50283	BARU	\N	\N	u/detail lihat ERP	\N	2026-02-11 02:06:45.183	2026-02-11 02:06:45.183	\N	\N	\N
208	LAPTOP LENOVO V14 G4 IRU	i5-13420H(12cpus) 2,1 Ghz	SSD 512 Gb	8 Gb	\N	\N	\N	2024-06-19 00:00:00	2024-06-20 00:00:00	\N	DARU SUMIRAT (PM)	GAM	51046	BARU	\N	\N	u/detail lihat ERP	\N	2026-02-11 02:06:45.273	2026-02-11 02:06:45.273	\N	\N	\N
209	LAPTOP LENOVO 82RJ	i3-1215U (8cpus) 1,2 Ghz	SSD 256 Gb	8 Gb	\N	\N	\N	2024-09-21 00:00:00	2024-09-23 00:00:00	\N	DIONSIUS (FOREMAN GA)	GAM	51044	BARU	\N	\N	u/detail lihat ERP	\N	2026-02-11 02:06:45.372	2026-02-11 02:06:45.372	\N	\N	\N
210	LAPTOP LENOVO 9VEMBEP5 82TS	i5-1235U(12Cpus) 1,3Ghz	SSD 512 Gb	DDR4 16GB	\N	\N	\N	2024-02-08 00:00:00	2024-05-08 00:00:00	\N	SIGIT (ENGINEERING)	GAM	53227	BARU	\N	\N	u/detail lihat ERP	\N	2026-02-11 02:06:45.461	2026-02-11 02:06:45.461	\N	\N	\N
212	LAPTOP LENOVO 83EQ	i5-12450H(12cpus) 2 Ghz	SSD 512 Gb	DDR4 16 Gb	\N	\N	\N	2024-06-09 00:00:00	2024-10-09 00:00:00	1	ANDRIAWAN (SPV.PLANT)	GAM	54804	BARU	\N	\N	u/detail lihat ERP	\N	2026-02-11 02:06:45.629	2026-02-11 02:06:45.629	\N	\N	\N
213	LAPTOP LENOVO 83EQ	i5-12450H(12cpus) 2 Ghz	SSD 512 Gb	DDR4 16 Gb	\N	\N	\N	2024-06-09 00:00:00	2024-10-09 00:00:00	1	JANUARVO (SUPTEND.PLANT JO)	GAM	55059	BARU	\N	\N	u/detail lihat ERP	\N	2026-02-11 02:06:45.722	2026-02-11 02:06:45.722	\N	\N	\N
214	LAPTOP LENOVO 83EQ	i5-12450H(12cpus) 2 Ghz	SSD 512 Gb	DDR4 16 Gb	\N	\N	\N	2024-06-09 00:00:00	2024-10-09 00:00:00	1	BAYU ANANDA (SPV.PLANT)	GAM	55058	BARU	\N	\N	u/detail lihat ERP	\N	2026-02-11 02:06:45.806	2026-02-11 02:06:45.806	\N	\N	\N
215	LAPTOP ACER ASPIRE AL14-51M	i5-1235U(12Cpus) 1,3Ghz	SSD 500 Gb	DDR5 16GB	\N	\N	\N	2024-09-26 00:00:00	2024-09-27 00:00:00	1	GUNTUR (SUPTEND.PRODUKSI)	GAM	56012	BARU	\N	\N	u/detail lihat ERP	\N	2026-02-11 02:06:45.903	2026-02-11 02:06:45.903	\N	\N	\N
216	LAPTOP ACER ASPIRE AL14-51M	i5-1235U(12Cpus) 1,3Ghz	SSD 500 Gb	DDR5 16GB	\N	\N	\N	2024-09-26 00:00:00	2024-09-27 00:00:00	1	JAKOP (DEPUTI P.M)	GAM	55863	BARU	\N	\N	u/detail lihat ERP	\N	2026-02-11 02:06:45.984	2026-02-11 02:06:45.984	\N	\N	\N
217	LAPTOP ACER ASPIRE AL14-51M	i5-1235U(12Cpus) 1,3Ghz	NVME 500 Gb	DDR5 16GB	\N	\N	\N	2024-10-14 00:00:00	2024-10-15 00:00:00	1	AWALUDIN (SUPTEND.GA)	GAM	57127	BARU	\N	\N	u/detail lihat ERP	\N	2026-02-11 02:06:46.088	2026-02-11 02:06:46.088	\N	\N	\N
211	LAPTOP ASUS TUF GAMING A15 FA506NC	AMD RYZEN 5 7535H (12cpus) 3,3 Ghz	SSD 512 Gb	DDR4 16 Gb	\N	\N	\N	2024-08-14 00:00:00	2024-08-22 00:00:00	2	MUHOLIS A.WIBOWO & SONI RENALDI KUDDI	GAM	53621	BARU	\N	\N	u/detail lihat ERP	\N	2026-02-11 02:06:45.548	2026-02-20 15:43:24.221	\N	\N	\N
190	ASUS VIVOBOOK S K3402ZA	i5-12500H 2,5Ghz	SSD 512Gb	12Gb	\N	\N	\N	2023-11-18 00:00:00	2023-11-20 00:00:00	\N	JOKO	HO	43331	BARU	\N	\N	u/detail lihat di ERP	\N	2026-02-11 02:06:43.653	2026-02-20 15:43:59.38	\N	\N	\N
187	ASUS A416	i3	SSD 256 Gb	8Gb	\N	\N	\N	2023-10-02 00:00:00	2023-10-02 00:00:00	\N	IVONN	HO	35175	BARU	\N	\N	u/detail lihat di ERP	\N	2026-02-11 02:06:43.382	2026-02-20 15:44:31.327	\N	\N	\N
182	MSI GF63 Thin	i7-11 & RTx 3050 Ti	SSD 256Gb	8Gb	\N	\N	\N	2022-05-12 00:00:00	2022-05-12 00:00:00	\N	Yudi Supriardi	HO	32996	BARU	\N	\N	u/detail lihat di ERP	\N	2026-02-11 02:06:42.923	2026-02-20 15:44:46.172	\N	\N	\N
181	ASUS TUFF GAMING FA507RC	RYZEN 7-6800 & RTX3050 4Gb	SSD 512Gb	8Gb	\N	\N	\N	2022-11-22 00:00:00	2022-11-22 00:00:00	\N	AGUNG HO (untuk pengganti laptop Bpk.Agung)	HO	32996	BARU	\N	\N	u/detail lihat di ERP	\N	2026-02-11 02:06:42.83	2026-02-20 15:44:58.113	\N	\N	\N
198	Msi Model Thin GF63 12UCX	i5-12450H(12Cpu)2Ghz	SSD 500Gb	8Gb	\N	\N	\N	2024-02-17 00:00:00	2024-02-20 00:00:00	\N	ARMAN	AKP	45588	BARU	\N	\N	u/detail lihat di ERP	\N	2026-02-11 02:06:44.376	2026-02-20 15:46:57.845	\N	\N	\N
197	Msi Model Thin GF63 12UCX	i5-12450H(12Cpu)2Ghz	SSD 500 Gb	8Gb	\N	\N	\N	2024-02-17 00:00:00	2024-02-20 00:00:00	\N	SYAIFUL MUSLIM	AKP	45588	BARU	\N	\N	u/detail lihat di ERP	\N	2026-02-11 02:06:44.275	2026-02-20 15:47:12.501	\N	\N	\N
195	Lenovo 82TS	i3-1215U(8Cpu) 1,2Ghz	SSD 250Gb	8Gb	\N	\N	MOUSE WIRELESS ROBOT	2024-02-17 00:00:00	2024-02-20 00:00:00	\N	MONANDAR	AKP	45617	BARU	\N	\N	u/detail lihat di ERP	\N	2026-02-11 02:06:44.096	2026-02-20 15:47:49.988	\N	\N	\N
196	Lenovo 82TS	i3-1215U(8Cpu) 1,2Ghz	SSD 250Gb	8Gb	\N	\N	MOUSE WIRELESS ROBOT	2024-02-17 00:00:00	2024-02-20 00:00:00	\N	ANSHAR	AKP	45617	BARU	\N	\N	u/detail lihat di ERP	\N	2026-02-11 02:06:44.177	2026-02-20 15:48:15.785	\N	\N	\N
218	LAPTOP ASUS TUF GAMING A15	AMD RYZEN 7 7435HS	SSD NVME 500 Gb	DDR5 16GB	\N	\N	\N	2024-10-15 00:00:00	2024-10-16 00:00:00	1	PETRUS KELVIN (SPV.ENGINEERING)	GAM	57217	BARU	\N	\N	u/detail lihat ERP	\N	2026-02-11 02:06:46.169	2026-02-11 02:06:46.169	\N	\N	\N
219	LAPTOP ASUS VIVOBOOK GO 14/15 E1404F	Ryzen 5 7520U (8CPUs) 2,8GHz	NVME 512 Gb	DDR5 16GB	\N	\N	Mouse Only	2025-06-05 00:00:00	2025-07-05 00:00:00	2	Andika Lesmana Spv Planner	GAM	68444	BARU	\N	\N	u/detail lihat ERP	\N	2026-02-11 02:06:46.251	2026-02-11 02:06:46.251	\N	\N	\N
220	LAPTOP ASUS VIVOBOOK GO 14/15 E1404F	Ryzen 5 7520U (8CPUs) 2,8GHz	NVME 512 Gb	DDR5 16GB	\N	\N	\N	2025-05-14 00:00:00	2025-05-14 00:00:00	\N	Eva Tri Indah	GAM	68445	BARU	\N	\N	u/detail lihat ERP	\N	2026-02-11 02:06:46.356	2026-02-11 02:06:46.356	\N	\N	\N
221	LAPTOP ASUS TUF A15 FA506NFR	Ryzen 7 7435HS (16CPUs) 3,1GHz	NVME 512 Gb	DDR5 16GB	\N	\N	\N	2025-05-14 00:00:00	2025-05-14 00:00:00	\N	Ari Dwi Rizky	GAM	68451	BARU	\N	\N	u/detail lihat ERP	\N	2026-02-11 02:06:46.44	2026-02-11 02:06:46.44	\N	\N	\N
222	LAPTOP HP PAVILION X360	5 Processor 120U 1.4 GHz	NVME 512GB	DDR4 16GB	\N	\N	\N	2025-06-17 00:00:00	2025-06-18 00:00:00	1	Joko Iswanto	HO	71595	BARU	\N	\N	u/detail lihat ERP	\N	2026-02-11 02:06:46.529	2026-02-11 02:06:46.529	\N	\N	\N
223	LAPTOP ASUS VIVOBOOK 14	i5-1335U Processor 1.3 GHz	NVME 512GB	DDR4 8GB	\N	\N	\N	2025-08-25 00:00:00	2025-08-25 00:00:00	1	Irvan Eka Putra (Supt Plant)	GAM	75412	BARU	\N	\N	u/detail lihat ERP	\N	2026-02-11 02:06:46.613	2026-02-11 02:06:46.613	\N	\N	\N
226	LAPTOP LENOVO V14 G4 IRU	I5-13420H 2.1 GHz	NVME 512GB	DDR4 16GB	\N	\N	\N	2025-10-16 00:00:00	2025-10-17 00:00:00	1	M. ALI RIZKI HIDAYAT (Jr. Instruktur Plant)	GAM	78867	BARU	\N	\N	u/detail lihat ERP	\N	2026-02-11 02:06:46.878	2026-02-11 02:06:46.878	\N	\N	\N
227	LAPTOP ASUS TUF TUF GAMING A15 FA506NCG	AMD Ryzen 7 7445HS	NVME 512GB	DDR5 16GB	\N	\N	\N	2025-08-11 00:00:00	2025-12-11 00:00:00	1	M. PRANADITYA (Engineering)	GAM	81258	BARU	\N	\N	u/detail lihat ERP	\N	2026-02-11 02:06:46.971	2026-02-11 02:06:46.971	\N	\N	\N
228	LAPTOP ASUS TUF TUF GAMING A15 FA506NCG	AMD Ryzen 7 7445HS	NVME 512GB	DDR5 16GB	\N	\N	\N	2025-08-11 00:00:00	2025-12-11 00:00:00	1	ACHMAD SYARIF (Engineering)	GAM	81258	BARU	\N	\N	u/detail lihat ERP	\N	2026-02-11 02:06:47.058	2026-02-11 02:06:47.058	\N	\N	\N
229	LAPTOP ASUS TUF TUF GAMING A15 FA506NCG	AMD Ryzen 7 7445HS	NVME 512GB	DDR5 16GB	\N	\N	\N	2025-08-11 00:00:00	2025-12-11 00:00:00	1	CHEVO OSVALDO (Engineering)	GAM	81258	BARU	\N	\N	u/detail lihat ERP	\N	2026-02-11 02:06:47.149	2026-02-11 02:06:47.149	\N	\N	\N
230	LAPTOP ASUS TUF TUF GAMING A15 FA506NCG	AMD Ryzen 7 7445HS	NVME 512GB	DDR5 16GB	\N	\N	\N	2025-08-11 00:00:00	2025-12-11 00:00:00	1	EVA TRI (Engineering)	GAM	81258	BARU	\N	\N	u/detail lihat ERP	\N	2026-02-11 02:06:47.253	2026-02-11 02:06:47.253	\N	\N	\N
232	LAPTOP ASUS TUF TUF GAMING A15 FA506NCG	AMD Ryzen 7 7445HS	NVME 512GB	DDR5 16GB	\N	\N	\N	2025-12-12 00:00:00	2025-12-26 00:00:00	1	M. RIZAIN (Engineering)	GAM	83523	BARU	\N	\N	u/detail lihat ERP	\N	2026-02-11 02:06:47.432	2026-02-11 02:06:47.432	\N	\N	\N
234	LAPTOP IDEAPAD SLIM 3 14AMN8	AMD RYZEN 5 7520U 2.8GHZ	512GB	DDR5 16GB	\N	\N	\N	2026-02-10 00:00:00	\N	1	IMAM YUSTISA (SPV HR)	GAM	86623	BARU	\N	\N	\N	/uploads/1770777462502_image.jpg	2026-02-11 02:37:44.376	2026-02-11 15:28:32.1	PF5WQZG4	\N	\N
235	LAPTOP IDEAPAD SLIM 3 14AMN8	AMD RYZEN 5 7520U 2.8GHZ	512GB	DRR5 16GB	\N	\N	\N	2026-02-10 00:00:00	2026-02-12 00:00:00	1	HELBIN PS (SPV TC)	GAM	86491	BARU	\N	\N	u/detail lihat ERP	/uploads/1770786839387_image.jpg	2026-02-11 05:31:32.303	2026-02-12 14:23:53.19	PF5X1F2Q	\N	\N
184	Asus A416J	i7	SSD 512GB	8Gb	\N	\N	\N	2023-01-13 00:00:00	2023-01-13 00:00:00	\N	Azhar	ARSY	34172	BARU	\N	\N	u/detail lihat di ERP	\N	2026-02-11 02:06:43.103	2026-02-20 15:43:01.584	\N	\N	\N
225	LAPTOP LENOVO V14 G4 IRU	I3-1315U 1.2GHz	NVME 256GB	DDR4 16GB	\N	\N	\N	2025-09-26 00:00:00	2025-09-27 00:00:00	1	DARMADI	WS89	76630	BARU	\N	\N	u/detail lihat ERP	\N	2026-02-11 02:06:46.79	2026-02-20 15:49:04.115	\N	\N	\N
238	LENOVO IDEAPAD SLIM 3 14AMN8	RYZEN 5 7520U 2.8GHZ	SSD 512GB	16GB	\N	\N	\N	2026-02-21 00:00:00	2026-02-21 00:00:00	1	MICHEL SIMBOLON (MANAGER PLANT)	HO	88461	BARU	\N	\N	U/ detail lihat ERP	/uploads/1771815600960_1770786839387_image.jpg	2026-02-23 03:00:37.483	2026-02-23 03:00:37.483	PF5WSKL5	\N	\N
239	Lenovo V14 G4	AMD R5 7430U	SSD 512 GB	16 GB	\N	\N	\N	2026-04-20 00:00:00	2026-04-21 00:00:00	1	JUSMAN	GAM	91585	BARU	\N	\N	\N	/uploads/1776675374756_image.jpg	2026-04-20 08:56:23.997	2026-05-06 10:15:20.534	PF5ZD55G	HSE	/uploads/1778033717423_Tand_Ter_Bar_Lap_Jusman.pdf
240	Lenovo V14 G4	AMD R5 7430U	512 GB	16 GB	\N	\N	\N	2026-04-20 00:00:00	2026-04-21 00:00:00	1	Bukhari	GAM	91585	BARU	\N	\N	\N	/uploads/1776735773772_image.jpg	2026-04-21 01:09:49.929	2026-05-05 16:11:55.327	PF5ZDSAQ	HSE	/uploads/1777968703070_Tanda_Ter_Bar_Laptop_Buhari.pdf
255	Laptop Acer Aspire Lite	i3 N355	512 GB	16 GB	\N	\N	\N	2026-04-09 00:00:00	2026-04-09 00:00:00	1	M. Riskan K.	THS	0	BARU	\N	\N	\N	/uploads/1778654611062_riskan.jpg	2026-05-13 06:43:38.362	2026-05-13 14:52:56.285	NXDDESN0015330264A6L01	\N	/uploads/1778655173592_img20260513_14520570.pdf
250	Laptop Lenovo IDEAPAD SLIM 3 14AMN8	Ryzen 5 7520U	512 GB	16 GB	\N	\N	\N	2026-03-07 00:00:00	2026-03-07 00:00:00	1	Hadi Surahman	AKP	0	BARU	\N	\N	\N	/uploads/1778654047875_hadi.jpg	2026-05-13 06:34:10.16	2026-05-13 06:34:10.16	PF5WSRQZ	Plant	\N
231	LAPTOP LENOVO V14 G4 IRU 83A000CHID	I5-13420H 4.60GHz	NVME 512GB	DDR4 16GB	\N	\N	\N	2025-11-15 00:00:00	2025-11-17 00:00:00	1	IFHAM	WS89	81755	BARU	\N	\N	u/detail lihat ERP	/uploads/1778653441606_Ifham.jpg	2026-02-11 02:06:47.351	2026-05-13 14:24:07.848	PF5FCZ86	Logistik	\N
249	Laptop Asus Vivobook 16X K3605V	I5-13420H RTX 3050	512 GB	16 GB	\N	\N	\N	2025-12-22 00:00:00	2025-12-22 00:00:00	\N	Ibnu Khaerul Fajar	HO	0	BARU	\N	\N	\N	/uploads/1778653643189_ibnu.jpg	2026-05-13 06:27:26.551	2026-05-13 06:27:26.551	T7N0CX01U54328D	GA	\N
233	LAPTOP LENOVO IDEAPAD SLIM 3 14AMN8	AMD Ryzen 5 7520U	NVME 512GB	DDR5 16GB	\N	\N	\N	2026-01-17 00:00:00	2025-01-22 00:00:00	1	ROGANDA LUMBAN	HO	86045	BARU	\N	\N	Email : gpe9990@outlook.com\nPass : gpesmd99\nPIN : 9990\nEmail Recovery : suportitgpe@gmail.com	/uploads/1778653806436_roganda.jpg	2026-02-11 02:06:47.525	2026-05-13 14:30:14.363	PF5WR0DT	HSE	\N
251	Laptop Lenovo IDEAPAD SLIM 3 14AMN8	Ryzen 5 7520U	256 GB	16 GB	\N	\N	\N	2026-03-07 00:00:00	2026-03-07 00:00:00	1	Vinsensius	AKP	0	BARU	\N	\N	\N	/uploads/1778654136057_hadi.jpg	2026-05-13 06:35:37.054	2026-05-13 06:35:37.054	PF5WR3EG	HSE	\N
252	Laptop Lenovo IDEAPAD SLIM 3 14AMN8	Ryzen 5 7520U	512 GB	16 GB	\N	\N	\N	2026-03-07 00:00:00	2026-03-07 00:00:00	1	Erwin Raswan	AKP	0	BARU	\N	\N	\N	/uploads/1778654237918_hadi.jpg	2026-05-13 06:37:18.967	2026-05-13 06:37:18.967	PF5X13KD	\N	\N
253	Laptop Lenovo IDEAPAD SLIM 3 14AMN8	Ryzen 5 7520U	512 GB	16 GB	\N	\N	\N	2026-03-07 00:00:00	2026-03-07 00:00:00	1	Muhajir	AKP	0	BARU	\N	\N	\N	/uploads/1778654370245_hadi.jpg	2026-05-13 06:39:34.474	2026-05-13 06:39:34.474	PF5S8QMH	Training Center	\N
254	Laptop Lenovo V14 G4	Ryzen 5 7430U	512 GB	16 GB	\N	\N	\N	2026-04-08 00:00:00	2026-04-08 00:00:00	1	Toha	WS89	0	BARU	\N	\N	\N	/uploads/1778654474931_hadi.jpg	2026-05-13 06:41:16.201	2026-05-13 14:46:48.554	PF5ZDRMM	Plant	/uploads/1778654799460_img20260513_14453954.pdf
241	MSI MS-14J	I5-1235U	512 GB	16 GB	\N	\N	\N	2026-04-21 00:00:00	\N	1	Gilang	THS	0	BARU	\N	\N	\N	/uploads/1776742500845_image.jpg	2026-04-21 03:34:14.213	2026-05-13 14:51:04.899	K2410N0192314	\N	/uploads/1778655055960_img20260513_14501957.pdf
224	LAPTOP LENOVO V14 G3 IAP	I5-1235U 1.3GHZ	NVME 512GB	DDR4 16GB	\N	\N	\N	2025-09-13 00:00:00	2025-09-13 00:00:00	1	Abdul Ghoni	AKP	77054	BARU	\N	\N	u/detail lihat ERP	\N	2026-02-11 02:06:46.71	2026-05-13 15:01:12.051	\N	\N	/uploads/1778655667480_pak_ghoni_laptop.pdf
256	Asus V16 V3607VU	i5 gen  12	1000 GB	32 GB	\N	\N	\N	2026-05-30 00:00:00	2026-05-30 00:00:00	1	Rudi Wicaksono	HO	68054	SECOND	\N	\N	\N	/uploads/1780110048753_WhatsApp_Image_2026-05-30_at_10.59.53.jpeg	2026-05-30 02:58:28.233	2026-05-30 11:05:07.773	T1N0CV074802027	IT	\N
243	Acer Aspire Lite AL-32P-37SA	I3 N355	NVME 256 GB	8 GB	\N	\N	\N	2026-04-29 00:00:00	2026-05-02 00:00:00	1	Dewi Yanti	AKP	92264	BARU	\N	\N	\N	/uploads/1777512293237_IMG_7662.jpeg	2026-04-30 01:23:33.759	2026-06-08 15:34:16.043	NXD4NSN001516011416L01	Finance	/uploads/1780904052880_dewi_yanti.pdf
242	Acer Aspire Lite AL-32P-37SA	I3 N355	NVME 256 GB	8 GB	\N	\N	\N	2026-04-29 00:00:00	2026-05-02 00:00:00	1	Retno	AKP	92264	BARU	\N	\N	\N	/uploads/1777512265619_IMG_7662.jpeg	2026-04-30 01:17:12.38	2026-06-08 15:34:34.322	NXD4NSN0015200131B6L01	Purchasing	/uploads/1780904072284_retno.pdf
257	Asus E1404F	ryzen 3	512 GB	8GB	\N	\N	\N	2026-06-09 00:00:00	2026-06-11 00:00:00	1	WAWAN DARMAWAN	AKP	94887	BARU	\N	\N	\N	/uploads/1781060751365_WhatsApp_Image_2026-06-10_at_11.05.26.jpeg	2026-06-10 03:05:53.508	2026-06-10 03:05:53.508	T4N0CV09059516G	Logistik	\N
\.


--
-- Data for Name: laptop_histories; Type: TABLE DATA; Schema: public; Owner: kalam
--

COPY public.laptop_histories (id, laptop_id, pic, tanggal_terima, site, departemen, keterangan, created_at, updated_at) FROM stdin;
\.


--
-- Data for Name: lifts; Type: TABLE DATA; Schema: public; Owner: postgres
--

COPY public.lifts (id, nama, pt, departemen, berlaku, akses, created_at, updated_at) FROM stdin;
1	Rudi Wicaksono	GPE	IT	2100-01-01 00:00:00	["3","5","7"]	2025-12-18 14:27:31	2025-12-19 01:43:55.485
2	Gazali Rahman	GPE	IT	2100-01-01 00:00:00	["3","5","7"]	2025-12-18 14:27:31	2025-07-07 09:42:29
3	Indra	GPE	IT	2100-01-01 00:00:00	["7"]	2025-12-18 14:27:31	2025-07-07 09:42:47
9	Benny Dermawan	GPE	Lantai 3	2026-06-01 00:00:00	["3","7","5"]	2025-12-18 14:27:31	2025-12-07 11:07:15
14	Agung Prianggono	GPE	Geologis	2026-06-01 00:00:00	["3","5","7"]	2025-12-18 14:27:31	2025-11-19 15:11:04
17	Gatot Siswanto	GPE	Logistic	2026-06-01 00:00:00	[7,5]	2025-12-18 14:27:31	2025-12-20 02:24:06.296
28	Yessy Wathi	GPE	Finance	2026-06-01 00:00:00	["3","5","7"]	2025-12-18 14:27:31	2025-11-26 16:04:37
30	Meiliana Chandra	GPE	Finance	2026-06-01 00:00:00	["5","7"]	2025-12-18 14:27:31	2025-11-26 16:02:36
32	Julius Tio	GPE	Finance	2026-06-01 00:00:00	["5","7"]	2025-12-18 14:27:31	2025-11-26 16:03:20
33	Alvin Aprilyanto Haminputra	GPE	Accounting	2026-06-01 00:00:00	["5","7"]	2025-12-18 14:27:31	2025-12-07 11:08:33
36	Megawati	GPE	Accounting	2026-06-01 00:00:00	["5","7"]	2025-12-18 14:27:31	2025-12-07 11:08:16
47	Ryan Ade Putra	GPE	HRGA	2026-06-01 00:00:00	["7","5","3"]	2025-12-18 14:27:31	2025-10-29 16:05:02
52	Rizky Berliana Putri	GPE	HRGA	2026-06-01 00:00:00	["5","7"]	2025-12-18 14:27:31	2025-11-26 16:05:13
57	Eljunay Salu	GPE	Pajak	2026-06-01 00:00:00	["5","7"]	2025-12-18 14:27:31	2025-11-26 16:03:52
58	Ima	GPE	Pajak	2025-04-19 00:00:00	\N	2025-12-18 14:27:31	2025-12-18 06:01:35.89
61	Siauw Saryono	THS	\N	2025-08-28 00:00:00	["3","5","7"]	2025-12-18 14:27:31	2025-12-18 06:01:35.899
63	Hari Permadi	THS	\N	2026-02-01 00:00:00	["3","5","7"]	2025-12-18 14:27:31	2025-10-01 10:29:18
64	Gilang Dwi Kundhono	THS	\N	2025-12-07 00:00:00	["7"]	2025-12-18 14:27:31	2025-12-18 06:01:35.911
68	Wiji Astuti	THS	\N	2026-06-01 00:00:00	["5","7"]	2025-12-18 14:27:31	2025-11-26 16:01:38
78	Reza Affandi	GPE	Procurement	2026-06-01 00:00:00	[5,7]	2025-06-11 21:18:14	2025-12-20 02:24:29.176
79	Yudi Supriadi	GPE	Geologis	2026-06-01 00:00:00	["3","5","7"]	2025-06-15 22:04:16	2025-11-19 15:11:44
87	Azhar	GPE	Manager	2026-06-01 00:00:00	["5","7"]	2025-10-01 18:14:52	2025-12-07 11:09:35
91	REPI HERDANI	THS	Driver	2026-04-01 00:00:00	["7"]	2025-10-14 21:45:19	2025-10-14 13:45:19
89	Angelita Lukita	GPE	Procurement	2026-08-01 00:00:00	[5,7,3]	2025-10-01 18:22:59	2025-12-23 09:23:36.291
21	Marina Maya Sari	GPE	Sekretaris	2026-07-01 00:00:00	[3,5,7]	2025-12-18 14:27:31	2025-12-30 16:52:12.504
82	Muhammad Ery Rahmadi	GPE	Plant	2026-07-01 00:00:00	[3,7]	2025-07-06 22:28:44	2025-12-31 10:44:10.619
48	Asliyanti Nor	GPE	HRGA	2026-07-01 00:00:00	[7]	2025-12-18 14:27:31	2025-12-31 10:44:42.142
5	Felicia Tjendra	GPE	Purchasing	2026-07-01 00:00:00	[7]	2025-12-18 14:27:31	2025-12-31 10:46:42.921
51	Nurdiana	GPE	HRGA	2026-07-01 00:00:00	[7]	2025-12-18 14:27:31	2025-12-31 10:45:43.748
4	Riswanto Zaihu	GPE	Purchasing	2026-07-01 00:00:00	[3,5,7]	2025-12-18 14:27:31	2025-12-31 10:46:29.794
20	Akmal Ahmad	GPE	Logistic	2026-07-01 00:00:00	[7]	2025-12-18 14:27:31	2025-12-31 10:47:10.875
6	Julia Magdalena	GPE	Purchasing	2026-06-01 00:00:00	[7]	2025-12-18 14:27:31	2025-12-31 10:48:22.203
71	Sulfa Tirta	THS	\N	2026-07-01 00:00:00	[5,7]	2025-12-18 14:27:31	2026-01-19 09:24:48.259
24	Romy Firman Andrianto	GPE	Asset	2026-07-01 00:00:00	[7]	2025-12-18 14:27:31	2026-01-19 09:25:16.712
7	Joko Iswanto	GPE	Lantai 3	2100-01-01 00:00:00	[3,5,7]	2025-12-18 14:27:31	2026-01-19 09:26:33.274
90	Rezna Riezal	GPE	Accounting	2026-10-01 00:00:00	[5,7]	2025-10-14 21:44:44	2026-05-07 11:22:46.986
84	Clara	GPE	Procurement	2026-07-01 00:00:00	[3,5,7]	2025-09-10 17:47:03	2026-05-07 11:23:13.168
81	Leonita Chokrosantoso	GPE	Procurement	2026-07-07 00:00:00	[3,5,7]	2025-06-23 19:23:38	2026-05-07 11:23:35.12
59	Masdar Darwis	GPE	Security	2026-08-01 00:00:00	[3,5,7]	2025-12-18 14:27:31	2026-05-07 11:24:55.995
92	Gilang	GPE	Driver	2026-01-01 00:00:00	[7]	2026-05-07 03:25:52.658	2026-05-07 03:25:52.658
10	Andi Isnawan	GPE	Lantai 3	2026-12-01 00:00:00	[3,7,5]	2025-12-18 14:27:31	2026-05-07 11:26:26.551
86	Rizah	GPE	Lantai 3	2026-12-01 00:00:00	[3,5,7]	2025-10-01 18:06:13	2026-05-07 11:26:46.938
25	Veronica	GPE	Finance	2026-08-01 00:00:00	[3,5,7]	2025-12-18 14:27:31	2026-05-07 11:27:04.81
31	Ivonny Trisyana L	GPE	Finance	2026-07-07 00:00:00	[5,7,3]	2025-12-18 14:27:31	2026-05-07 11:27:26.072
29	Rinawati	GPE	Finance	2026-09-01 00:00:00	[3,5,7]	2025-12-18 14:27:31	2026-05-07 11:27:58.136
27	Robin	GPE	Finance	2026-08-01 00:00:00	[5,7]	2025-12-18 14:27:31	2026-05-07 11:28:16.565
46	Benny Wongso	GPE	HRGA	2027-04-01 00:00:00	[3,5,7]	2025-12-18 14:27:31	2026-05-07 11:29:31.337
49	Nurdinawati	GPE	HRGA	2026-07-01 00:00:00	[5,7]	2025-12-18 14:27:31	2026-05-07 11:30:17.348
43	Ouddy Johassan	GPE	HRGA	2026-08-01 00:00:00	[3,5,7]	2025-12-18 14:27:31	2026-05-07 11:30:33.255
85	Ibnu Khaerul Fajar	GPE	HRGA	2026-09-01 00:00:00	[3,7]	2025-09-22 18:03:57	2026-05-07 11:30:57.735
44	Maria Magdalena Gunawan	GPE	HRGA	2026-10-01 00:00:00	[5,7]	2025-12-18 14:27:31	2026-05-07 11:31:31.889
73	Raudatun Nisa	GPE	HRGA	2026-11-01 00:00:00	[7]	2025-05-25 22:11:21	2026-05-07 11:31:48.553
76	Selviana Rempe	GPE	HRGA	2026-11-01 00:00:00	[7]	2025-05-25 22:13:21	2026-05-07 11:32:27.236
53	Steven Aguw	GPE	HRGA	2026-07-01 00:00:00	[7]	2025-12-18 14:27:31	2026-05-07 11:32:42.402
54	Timson Herdinan Simamora	GPE	HRGA	2026-07-07 00:00:00	[3,7]	2025-12-18 14:27:31	2026-05-07 11:33:01.709
93	Noviana Ramadhani	GPE	IT	2026-09-01 00:00:00	[5,7]	2026-05-07 03:34:10.766	2026-05-07 03:34:10.766
94	Benny Purba	GPE	Legal	2027-12-30 00:00:00	[3,5,7]	2026-05-07 03:34:54.995	2026-05-07 11:35:33.021
16	Iwan Nyolo	GPE	Logistic	2026-07-01 00:00:00	[7,3]	2025-12-18 14:27:31	2026-05-07 11:36:00.812
19	Lisa Tandrin	GPE	Logistic	2026-03-01 00:00:00	[7]	2025-12-18 14:27:31	2026-05-07 11:36:33.492
80	James Frengky Simatupang	GPE	Manager	2026-09-01 00:00:00	[3,5,7]	2025-06-20 17:17:41	2026-05-07 11:37:18.067
8	Iwan Santoso	GPE	Manager	2026-07-01 00:00:00	[3,7,5]	2025-12-18 14:27:31	2026-05-07 11:37:32.034
37	Alpian	GPE	OB	2027-02-01 00:00:00	[3,5,7]	2025-12-18 14:27:31	2026-05-07 11:38:06.962
42	Dani Rahmadi	GPE	OB	2026-07-01 00:00:00	[3,5,7]	2025-12-18 14:27:31	2026-05-07 11:38:22.605
39	Dody	GPE	OB	2026-06-01 00:00:00	[3,5,7]	2025-12-18 14:27:31	2026-05-07 11:38:35.931
40	Chaidar Aulia Rahim	GPE	OB	2026-10-01 00:00:00	[3,5,7]	2025-12-18 14:27:31	2026-05-07 11:38:58.979
38	Tri	GPE	OB	2026-09-03 00:00:00	[3,5,7]	2025-12-18 14:27:31	2026-05-07 11:39:12.547
88	Dina Hidayanti	GPE	Pajak	2026-10-01 00:00:00	[5,7]	2025-10-01 18:20:40	2026-05-07 11:39:25.626
77	Dennis	GPE	Plant	2026-11-01 00:00:00	[7]	2025-06-11 21:16:53	2026-05-07 11:40:29.705
13	Muhammad Zaeni	GPE	Manager	2026-08-01 00:00:00	[3,5,7]	2025-12-18 14:27:31	2026-05-07 11:40:41.483
83	Jimmy	GPE	Lantai 3	2026-07-01 00:00:00	[3,5,7]	2025-07-08 19:17:19	2026-05-07 11:40:58.847
12	Agus Riyanto	GPE	Lantai 3	2026-08-01 00:00:00	[3,5,7]	2025-12-18 14:27:31	2026-05-07 11:42:13.409
56	Erista Agustin	GPE	Pajak	2026-11-01 00:00:00	[5,7]	2025-12-18 14:27:31	2026-05-07 11:42:38.754
55	Murlinda Mayasari	GPE	Pajak	2026-08-01 00:00:00	[3,5,7]	2025-12-18 14:27:31	2026-05-07 11:42:53.678
70	Damara Elisa	THS	\N	2026-07-01 00:00:00	[3,5,7]	2025-12-18 14:27:31	2026-05-07 11:44:22.331
65	Eva Agustina	THS	\N	2026-07-01 00:00:00	[3,5,7]	2025-12-18 14:27:31	2026-05-07 11:45:01.554
67	Helen Gojaya	THS	\N	2026-07-01 00:00:00	[3,5,7]	2025-12-18 14:27:31	2026-05-07 11:45:24.102
62	Roike	THS	\N	2026-08-01 00:00:00	[7]	2025-12-18 14:27:31	2026-05-07 11:46:15.044
66	Yuli Ratna Sari	THS	\N	2026-07-01 00:00:00	[3,5,7]	2025-12-18 14:27:31	2026-05-07 11:47:00.919
95	Michael Simbolon	GPE	Manager	2026-09-01 00:00:00	[3,5,7]	2026-05-07 03:40:10.628	2026-05-08 14:13:09.155
72	Kevin Brian Bela	GPE	Asset	2026-11-01 00:00:00	[7]	2025-05-25 22:10:52	2026-05-09 08:58:22.302
74	Debby Lusiana Afandi	GPE	HRGA	2026-08-01 00:00:00	[7]	2025-05-25 22:12:01	2026-05-11 11:58:02.528
103	Siauw Sherli	GPE	Leasing	2026-11-01 00:00:00	[5,7,3]	2026-05-12 06:45:56.671	2026-05-12 14:55:18.779
23	M. Ilman	GPE	Asset	2026-11-01 00:00:00	[7]	2025-12-18 14:27:31	2026-05-16 10:12:00.674
\.


--
-- Data for Name: monitor; Type: TABLE DATA; Schema: public; Owner: kalam
--

COPY public.monitor (id, brand, jumlah_orderan, diperuntukan, site, nomor_po, nomor_surat_jalan, status_barang, tanggal_masuk, tanggal_kirim, keterangan, created_at, updated_at, foto, departemen) FROM stdin;
1	LCD MSI PRO MP223 Series	1	RIRIS THS	HO	0	\N	BARU	2023-10-20 00:00:00	2023-10-23 00:00:00	u/detail lihat ERP	2026-02-09 08:08:19.261	2026-02-09 08:08:19.261	\N	\N
2	XIAOMI MONITOR A22i	1	DIMAS PLANT	HO	44053	\N	BARU	2023-12-18 00:00:00	2023-12-21 00:00:00	u/detail lihat ERP	2026-02-09 08:08:19.422	2026-02-09 08:08:19.422	\N	\N
3	INFORCE POWER DC12V 18 W	1	MARIA HRD	HO	0	\N	BARU	2024-10-01 00:00:00	2024-10-01 00:00:00	RUSAK	2026-02-09 08:08:19.566	2026-02-09 08:08:19.566	\N	\N
4	INFORCE 22 INCH LED	1	EKO IT	HO	44692	\N	BARU	2024-10-01 00:00:00	2024-10-01 00:00:00	\N	2026-02-09 08:08:19.674	2026-02-09 08:08:19.674	\N	\N
5	LG 20M39A 19V-0,8A	1	FELICIA	HO	0	\N	SECOND	2024-02-05 00:00:00	2024-02-05 00:00:00	monitor yang lama muncul bercak	2026-02-09 08:08:19.8	2026-02-09 08:08:19.8	\N	\N
6	AOC 22B3HM 21'5 INCH	3	RIAN HRD, LINDA PAJAK dan LISA LOGISTIK	HO	45556	\N	BARU	2024-02-13 00:00:00	2024-02-16 00:00:00	monitor yang lama yang layak masih	2026-02-09 08:08:19.895	2026-02-09 08:08:19.895	\N	\N
7	AOC 22B3HM 21'5 INCH	1	RUDI IT	HO	46338	\N	BARU	2024-05-03 00:00:00	2024-03-07 00:00:00	u/detail lihat ERP	2026-02-09 08:08:20.003	2026-02-09 08:08:20.003	\N	\N
8	AOC 22B2HM2 21'5 INCH	1	ANGEL PURCHASE	HO	47528	\N	BARU	2024-04-19 00:00:00	2024-04-22 00:00:00	u/detail lihat ERP	2026-02-09 08:08:20.097	2026-02-09 08:08:20.097	\N	\N
9	AOC 22B3HM 21'5 INCH	1	MEGA ACCOUNTING	HO	47525	\N	BARU	2024-04-19 00:00:00	2024-04-22 00:00:00	u/detail lihat ERP	2026-02-09 08:08:20.199	2026-02-09 08:08:20.199	\N	\N
10	XIAOMI MONITOR A22i	2	NANDA HR DAN AKMAL SPV.LOGISTIK	HO	52023	\N	BARU	2024-10-07 00:00:00	2024-07-10 00:00:00	u/detail lihat ERP	2026-02-09 08:08:20.297	2026-02-09 08:08:20.297	\N	\N
11	SAMSUNG DAN LG 19 INCH	2	SALAH SATU KARYAWAN DI SITE GAM	GAM	0	\N	SECOND	2024-11-07 00:00:00	2024-11-07 00:00:00	ditukar dari monitor xiaomi yang baru	2026-02-09 08:08:20.405	2026-02-09 08:08:20.405	\N	\N
12	XIAOMI MONITOR A22i	1	AZHAR (KTT)	HO	52917	\N	BARU	2024-07-24 00:00:00	2024-07-24 00:00:00	u/detail lihat ERP	2026-02-09 08:08:20.489	2026-02-09 08:08:20.489	\N	\N
13	XIAOMI MONITOR A22i	1	DIMAS SAFURA (HSE)	GAM	53616	\N	BARU	2024-09-08 00:00:00	2024-10-08 00:00:00	B.0001	2026-02-09 08:08:20.588	2026-02-09 08:08:20.588	\N	\N
14	XIAOMI MONITOR A22i	1	SELAMAT (ADMIN LOGISTIK)	GAM	54361	\N	BARU	2024-06-09 00:00:00	2024-10-09 00:00:00	B.0002	2026-02-09 08:08:20.674	2026-02-09 08:08:20.674	\N	\N
15	PHILIPS VLINE 22 inch	1	REFKY CAPIROSSI (ADMIN HR)	GAM	54825	\N	BARU	2024-09-09 00:00:00	2024-09-14 00:00:00	B.0003	2026-02-09 08:08:20.774	2026-02-09 08:08:20.774	\N	\N
16	AOC E970 Swnl	1	YOGI (GA)	GAM	0	\N	SECOND	2024-09-21 00:00:00	2024-09-21 00:00:00	eks Maya Sekretaris	2026-02-09 08:08:20.859	2026-02-09 08:08:20.859	\N	\N
17	PHILIPS VLINE 22 inch	1	AGNES (SEKRETARIS)	HO	54826	\N	BARU	2024-09-20 00:00:00	2024-09-21 00:00:00	B.0006	2026-02-09 08:08:20.952	2026-02-09 08:08:20.952	\N	\N
18	PHILIPS VLINE 22 inch	1	BENNY WONGSO (HRD)	HO	56214	\N	BARU	2024-09-26 00:00:00	2024-09-26 00:00:00	B.0005	2026-02-09 08:08:21.15	2026-02-09 08:08:21.15	\N	\N
19	AIWA LED 22 inch	1	MAYA (SEKRETARIS)	HO	0	\N	BARU	2024-09-26 00:00:00	2024-09-27 00:00:00	B.0007	2026-02-09 08:08:21.246	2026-02-09 08:08:21.246	\N	\N
20	AIWA 22 inch	2	PIT JO	GAM	54365	\N	BARU	2024-01-10 00:00:00	2024-01-10 00:00:00	B.0008	2026-02-09 08:08:21.33	2026-02-09 08:08:21.33	\N	\N
21	AIWA 22 inch	2	APRILIANTO, RIZKY RIDA RIYADI (ADMIN PLANT)	GAM	55907	\N	BARU	2024-09-29 00:00:00	2024-01-10 00:00:00	B.0010	2026-02-09 08:08:21.435	2026-02-09 08:08:21.435	\N	\N
22	AOC 22B2HM2 21'5 INCH	2	JOKO, RENI (ADMIN PRODUKSI)	GAM	54368	\N	BARU	2024-10-14 00:00:00	2024-10-17 00:00:00	B.0012	2026-02-09 08:08:21.519	2026-02-09 08:08:21.519	\N	\N
23	AIWA 22 inch LED MONITOR	1	HEKSA (ADMIN HSE)	GAM	59000	\N	BARU	2024-11-13 00:00:00	2024-11-14 00:00:00	B.0015	2026-02-09 08:08:21.617	2026-02-09 08:08:21.617	\N	\N
24	AIWA 22 inch LED MONITOR	1	DENNY MARKUS (FOREMAN LOGISTIK)	GAM	59022	\N	BARU	2024-11-14 00:00:00	2024-11-15 00:00:00	B.0016	2026-02-09 08:08:21.701	2026-02-09 08:08:21.701	\N	\N
25	PHILIPS 22 inch LED MONITOR	1	DIANA (HR)	HO	59022	\N	BARU	2025-01-22 00:00:00	2025-01-20 00:00:00	PENGGANTI MONITOR RUSAK	2026-02-09 08:08:21.798	2026-02-09 08:08:21.798	\N	\N
27	VIEWSONIC 32 INCH VA3209	1	PRISCHADELLA	HO	0	\N	BARU	2025-01-10 00:00:00	2025-01-10 00:00:00	U/detail lihat ERP	2026-02-09 08:08:21.986	2026-02-12 07:29:58.542	/uploads/1770626982637_27_Della.jpg	\N
26	LG 22 Inch 20M39A	1	TOHA (WS 89)	WS89	0	\N	SECOND	2025-03-07 00:00:00	2025-03-07 00:00:00	u/detail lihat ERP	2026-02-09 08:08:21.884	2026-02-20 07:55:28.578	\N	\N
28	DAHUA 22 INCH	1	NEARCEN (LOGISTIK)	GAM	88240	\N	BARU	2026-02-25 00:00:00	\N	U/ detail lihat ERP	2026-02-25 06:49:22.815	2026-02-25 06:49:22.815	/uploads/1772002146896_3274.jpg	\N
29	Dahua 22 inch	1	Ramadhan Surya Saputra	GAM	94687	\N	BARU	2026-06-02 00:00:00	2026-06-03 00:00:00	\N	2026-06-02 07:31:28.742	2026-06-02 08:16:06.532	\N	\N
\.


--
-- Data for Name: mouse; Type: TABLE DATA; Schema: public; Owner: kalam
--

COPY public.mouse (id, brand, jumlah_orderan, diperuntukan, site, nomor_po, nomor_surat_jalan, status_barang, tanggal_masuk, tanggal_kirim, keterangan, created_at, updated_at, foto, departemen) FROM stdin;
16	LOGITECH B100	1	MEGA ACC	HO	0	\N	BARU	2024-01-29 00:00:00	2024-01-30 00:00:00	u/detail lihat ERP	2026-02-09 07:03:35.588	2026-02-09 07:03:35.588	\N	\N
17	ROBOT WIRELESS	1	KIKI ACCOUNTING	HO	50232	\N	BARU	2024-03-05 00:00:00	2024-06-06 00:00:00	u/detail lihat ERP	2026-02-09 07:03:35.721	2026-02-09 07:03:35.721	\N	\N
20	PP 1000 LASER POINTER	1	M. ALI RIZKI HIDAYAT (Jr. Instruktur Plant)	GAM	0	\N	BARU	2025-10-18 00:00:00	2025-10-18 00:00:00	u/detail lihat ERP	2026-02-09 07:03:36.037	2026-02-09 12:22:45.038	/uploads/1770639757073_6_Zaeni.jpg	\N
19	M90 LOGITECH	1	M. ALI RIZKI HIDAYAT (Jr. Instruktur Plant)	GAM	0	\N	BARU	2025-10-18 00:00:00	2025-10-18 00:00:00	u/detail lihat ERP	2026-02-09 07:03:35.942	2026-02-09 12:23:05.784	/uploads/1770639783874_7_Ariwan.jpg	\N
18	M90 LOGITECH	1	NO NAME	HO	0	\N	BARU	2024-07-17 00:00:00	2024-07-17 00:00:00	u/detail lihat ERP	2026-02-09 07:03:35.836	2026-02-09 12:23:48.336	/uploads/1770639826334_7_Ariwan.jpg	\N
15	M90 LOGITECH	5	RAJA / ANDI ISNAWAN	GAM	42340	PR 46275	BARU	2023-10-18 00:00:00	2023-10-19 00:00:00	u/detail lihat ERP	2026-02-09 07:03:35.384	2026-02-09 12:24:30.979	/uploads/1770639869486_7_Ariwan.jpg	\N
21	M90 LOGITECH	3	FREDY (LOGISTIK), LUKMAN (SAFETY), JHENRY (PRODUKSI)	GAM	79964	\N	BARU	2025-10-20 00:00:00	2025-10-23 00:00:00	u/detail lihat ERP	2026-02-09 07:03:36.139	2026-02-12 06:09:48.924	/uploads/1770639207718_7_Ariwan.jpg	\N
22	Logitech M171	2	Rifky & Syamsul Rizal Watoni	GAM	94863	\N	BARU	2026-05-26 00:00:00	2026-05-26 00:00:00	\N	2026-05-26 05:22:31.073	2026-05-26 05:22:31.073	/uploads/1779772944782_image.jpg	Plant
\.


--
-- Data for Name: pcs; Type: TABLE DATA; Schema: public; Owner: kalam
--

COPY public.pcs (id, merk, prosesor, ssd_hdd, ram, monitor, printer, keyboard, ups, masuk, kirim, unit, untuk, site, po, status, kerusakan, surat_jalan, catatan, gambar, created_at, updated_at, departemen) FROM stdin;
1	PC	i3	SSD 256 Gb	4Gb	ADA	\N	MK120	\N	2022-10-20 00:00:00	2022-10-20 00:00:00	\N	DATA CENTER	ARSY	30421	BARU	\N	\N	u/detail lihat di ERP	\N	2026-02-16 02:31:00.038	2026-02-16 02:31:00.038	\N
2	PC	i5	SSD 256Gb	8Gb	20 inch	\N	MK120	\N	2022-12-31 00:00:00	2022-12-31 00:00:00	\N	Maulia	ARSY	33899	BARU	\N	\N	u/detail lihat di ERP	\N	2026-02-16 02:31:00.35	2026-02-16 02:31:00.35	\N
3	PC	i3-2120 3,3 Ghz	SSD 256Gb	8Gb	LG 20 inch	\N	MK120	\N	2023-01-21 00:00:00	2023-01-21 00:00:00	\N	Lidya PLANT	GAM	34446	BARU	\N	\N	u/detail lihat di ERP	\N	2026-02-16 02:31:00.552	2026-02-16 02:31:00.552	\N
4	PC	i3	SSD 256Gb	8Gb	LG 20 inch	\N	MK120	\N	2023-01-21 00:00:00	2023-01-21 00:00:00	\N	Mahdalena	GAM	34446	BARU	\N	\N	u/detail lihat di ERP	\N	2026-02-16 02:31:00.786	2026-02-16 02:31:00.786	\N
6	PC	i3	SSD 256Gb	4Gb	Samsung 19 inch	\N	Wireless Mtech	\N	2023-02-16 00:00:00	2023-02-16 00:00:00	\N	MCC PIT UTARA	GAM	36643	BARU	\N	\N	u/detail lihat di ERP	\N	2026-02-16 02:31:01.264	2026-02-16 02:31:01.264	\N
7	PC	i3	SSD 256Gb	8Gb	Inforce 22 Inch	\N	MK120	\N	2023-06-06 00:00:00	2023-06-06 00:00:00	\N	Angga (HRGA)	GAM	38548	BARU	\N	\N	u/detail lihat di ERP	\N	2026-02-16 02:31:01.511	2026-02-16 02:31:01.511	\N
8	PC	i5	SSD 256Gb	8Gb	Inforce 19 inch	\N	MK120	\N	2023-07-17 00:00:00	2023-07-17 00:00:00	\N	Chevo Flo	ARSY	39681	BARU	\N	\N	u/detail lihat di ERP	\N	2026-02-16 02:31:01.746	2026-02-16 02:31:01.746	\N
9	PC	i5-2500 3,3Ghz	SSD 256Gb	8Gb	Inforce LED 22 "	\N	MK120	\N	2023-10-16 00:00:00	2023-10-17 00:00:00	\N	ASRI (HR)	GAM	42496	BARU	\N	\N	u/detail lihat di ERP	\N	2026-02-16 02:31:01.96	2026-02-16 02:31:01.96	\N
10	PC CASING BRINN	i5-2500 3,3Ghz	SSD 256Gb	8Gb	XIAOMI A22i	\N	MK120	\N	2023-11-29 00:00:00	2023-11-30 00:00:00	\N	JULIANA (SPV PURCHASE)	HO	43828	BARU	\N	\N	u/detail lihat ERP	\N	2026-02-16 02:31:02.201	2026-02-16 02:31:02.201	\N
11	PC CASING BRINN	i5-2500 3,3Ghz	SSD 256 Gb	8Gb	XIAOMI A22i	\N	MK120	\N	2023-07-12 00:00:00	2023-08-12 00:00:00	\N	JUMRI TRAINER	GAM	43833	BARU	\N	\N	monitor xiaomi ditukar dg monitor LG 19EN33S	\N	2026-02-16 02:31:02.424	2026-02-16 02:31:02.424	\N
12	PC CASING BRIZZ MB WARRIO H61	i5-2500 3,3Ghz	SSD VISIPRO 256GB	DDR3 8Gb	LG FLATRON W19S3SV 19 INCH (eks Maria HRD)	\N	MK120	\N	2024-10-01 00:00:00	2024-10-01 00:00:00	\N	HASIAN PUTRA/IKHWAN FTRIADI	GAM	44692	BARU	\N	\N	Install OS	\N	2026-02-16 02:31:02.641	2026-02-16 02:31:02.641	\N
13	PC Casing Brinnn	i5-2500 3,3Ghz	SSD 256 Gb Neo Forza	DDR3 8Gb Kingston	AOC 185LM00014 N950SW EKS ANIS HRD	\N	MK120	\N	2024-02-13 00:00:00	2024-02-17 00:00:00	\N	DWI RATNA HR	GAM	45556	BARU	0a:e0:af:ef:0a:97 (mac address)	\N	u/detail lihat ERP	\N	2026-02-16 02:31:02.877	2026-02-16 02:31:02.877	\N
14	PC Casing Brinnn	i5-2500 3,3Ghz	SSD 256 Gb Neo Forza	DDR3 8Gb Kingston	LG FLATRON W1953SE EKS LINDA PAJAK	\N	MK120	\N	2024-02-13 00:00:00	2024-02-17 00:00:00	\N	M.ADY.S HR	GAM	45556	BARU	0A-E0-AF-A1-12-16 (mac address)	\N	u/detail lihat ERP	\N	2026-02-16 02:31:03.131	2026-02-16 02:31:03.131	\N
15	PC Casing Brinnn	i5-2500 3,3Ghz	SSD 256 Gb Neo Forza	DDR3 8Gb Kingston	SAMSUNG BI930 PU19WS	\N	MK120	\N	2024-02-13 00:00:00	2024-02-17 00:00:00	\N	FIKRAN ZIDAN PAYROLL	GAM	45556	BARU	00:e0:1d:85:25:af (mac address)	\N	u/detail lihat ERP	\N	2026-02-16 02:31:03.371	2026-02-16 02:31:03.371	\N
16	PC Casing Brinnn	i5-2500 3,3Ghz	SSD 256 Gb Neo Forza	DDR3 8Gb Kingston	LG FLATRON 19 inch W1943SE	\N	MK120	\N	2024-05-03 00:00:00	2024-08-03 00:00:00	\N	ADMIN HSE	GAM	46338	BARU	monitor eks Reza Purchase HO dan monitor baru AOC dipakai Rudi IT dan monitor eks Rudi merk Samsung digunakan oleh Reza	\N	u/detail lihat ERP	\N	2026-02-16 02:31:03.591	2026-02-16 02:31:03.591	\N
17	PC Casing Brinn MB VARRO	i5-2500 3,3 Ghz	SSD 256 Gb Neo Forza	DDR3 8 Gb	AOC 21,5 INCH 22B2HM2	\N	MK 120	\N	2024-04-17 00:00:00	2024-04-20 00:00:00	\N	KHUSNUL KHATIMAH (ENGINEERING)	GAM	47734	BARU	0a:e0:af:a6:1a:ca (mac address)	\N	u/detail lihat ERP	\N	2026-02-16 02:31:03.83	2026-02-16 02:31:03.83	\N
18	PC Casing Brinn MB QWERTY H61	i5-2500 3,3 Ghz	SSD 256 Gb Midaforce	DDR3 8 Gb	LG 20 INCH 20MK 400A	\N	MK120	\N	2024-04-19 00:00:00	2024-04-22 00:00:00	\N	ALI AZIZ (HR PAYROLL)	GAM	47528	BARU	00:e0:4c:a2:24:40 (mac address)	\N	u/detail lihat ERP monitor AOC unit baru diberikan ke Angel HO dan monitor Angel LG 20 inch diberikan ke site	\N	2026-02-16 02:31:04.053	2026-02-16 02:31:04.053	\N
19	PC Casing Brinn MB VARRO H61	i5-2500 3,3 Ghz	SSD 256 Gb Neo Forza	DDR3 8 Gb	LG FLATRON W1953SE	\N	MK120	\N	2024-04-19 00:00:00	2024-04-24 00:00:00	\N	IRFAN (LOGISTIK)	ARSY	47525	BARU	0a:e0:af:f1:1c:5f (mac address)	\N	u/detail lihat ERP monitor AOC unit baru diberikan ke Mega ACC HO dan monitor Mega LG 19 inch diberikan ke site	\N	2026-02-16 02:31:04.298	2026-02-16 02:31:04.298	\N
20	PC casing Brinn (MB QWERTY)	i5-2500 3,3 Ghz	SSD 256 Gb	DDR3 16Gb	XIAOMI A22i (22inch)	\N	MK120	\N	2024-05-06 00:00:00	2024-10-06 00:00:00	\N	RINUS ADAN ( admin logistik)	GAM	49536	BARU	00:e0:4c:a3:00:c1 (mac address)	\N	u/detail lihat ERP	\N	2026-02-16 02:31:04.527	2026-02-16 02:31:04.527	\N
21	PC Casing VenomRX MB ASRock H310CM-HDV	i7-6700 3,4 Ghz Socket 1151 LGA	HDD 1 TB/SSD 512 GB	DDR4 16 Gb	AOC 21,5 INCH	\N	MK120	\N	2024-10-07 00:00:00	2024-07-15 00:00:00	\N	MEJI SUPARTO (Pit Control)	GAM	52026	BARU	9c:6b:00:58:cd:38 (mac address) diinstall dengan win 10 spectre	\N	u/detail lihat ERP	\N	2026-02-16 02:31:04.778	2026-02-16 02:31:04.778	\N
22	PC Casing VenomRX MB Intel H110	i7-6700 3,4 Ghz	HDD 1 TB/SSD 512 GB	DDR4 16 Gb	AOC 21,5 INCH	\N	MK120	\N	2024-10-07 00:00:00	2024-07-15 00:00:00	\N	KUSWANTORO (Pit Control)	GAM	52067	BARU	00:e0:4c:b5:12:7f (mac address) sdh diinstall dari toko sehati	\N	u/detail lihat ERP	\N	2026-02-16 02:31:05.022	2026-02-16 02:31:05.022	\N
23	PC Casing BRINN MBH61 QWERTY	i5-2500 3,3 Ghz(4cpu's)	SSD 256Gb	DDR3 8Gb	AOC 22INCH LCD	\N	MK120	\N	2024-07-30 00:00:00	2024-02-08 00:00:00	\N	I NYOMAN INDRA (SUPTEND.HRD)	HO	53065	BARU	\N	\N	PC digunakan oleh NISA karena masih menggunakan laptop pribadi	\N	2026-02-16 02:31:05.255	2026-02-16 02:31:05.255	\N
24	PC Casing BRINN MBH61 QWERTY	i5-2500 3,3 Ghz(4cpu's)	SSD 256Gb	DDR3 8Gb	XIAOMI A22i (22inch)	\N	MK120	\N	2024-09-08 00:00:00	2024-10-08 00:00:00	\N	DIMAS SAFURA (HSE)	GAM	53616	BARU	00:e0:4f:2b:47:f9 (mac address)	\N	u/detail lihat ERP	\N	2026-02-16 02:31:05.484	2026-02-16 02:31:05.484	\N
25	PC Casing BRINN MBH61 QWERTY	i5-2500 3,3 Ghz(4cpu's)	SSD 256Gb	HDD 1 TB	\N	\N	\N	\N	2024-08-23 00:00:00	2024-08-31 00:00:00	\N	TEAM PLANT	GAM	54517	BARU	\N	\N	Untuk keperluan Data Sharing Dept.Plant OS nya menggunakan Linux	\N	2026-02-16 02:31:05.736	2026-02-16 02:31:05.736	\N
26	PC Casing BRINN MBH61 QWERTY	i5-3210 2,5 Ghz(2cpus)	SSD 256Gb	DDR3 8Gb	PHILIPS 22 inch	\N	MK120	\N	2024-09-09 00:00:00	2024-09-14 00:00:00	\N	REFKY CAPIROSSI (ADMIN HR)	GAM	54825	BARU	\N	\N	\N	\N	2026-02-16 02:31:06.061	2026-02-16 02:31:06.061	\N
27	PC Casing BRINN MBH61 QWERTY	i5-2500 3,3 Ghz(4cpus)	SSD 256Gb	DDR3 8Gb	AOC E970 SERIES	\N	MK120	\N	2024-09-18 00:00:00	2024-09-21 00:00:00	\N	YOGI (GA)	GAM	54826	BARU	\N	\N	u/detail lihat ERP	\N	2026-02-16 02:31:06.297	2026-02-16 02:31:06.297	\N
28	PC Casing BRINN MBH61 QWERTY	i5-2500 3,3 Ghz(4cpus)	SSD 256 Gb	DDR3 8Gb	AOC E970 SERIES	\N	MK120	\N	2024-09-26 00:00:00	2024-09-27 00:00:00	\N	SAMUEL C.PAMUNGKAS (ADMIN MCC)	GAM	54814	BARU	\N	\N	monitor AOC eks Maya HO	\N	2026-02-16 02:31:06.549	2026-02-16 02:31:06.549	\N
29	PC Casing BRINN MBH61 QWERTY	i5-2500 3,3 Ghz(4cpus)	SSD 256 Gb	DDR3 8Gb	AIWA 22INCH WLED	\N	MK120	\N	2024-01-10 00:00:00	2024-01-10 00:00:00	2	PIT JO	GAM	54365	BARU	\N	\N	u/detail lihat ERP	\N	2026-02-16 02:31:06.843	2026-02-16 02:31:06.843	\N
30	PC Casing BRINN MBH61 QWERTY	i5-2500 3,3 Ghz(4cpus)	SSD 256 Gb	DDR3 8Gb	AIWA 22INCH WLED	\N	MK120	\N	2024-09-29 00:00:00	2024-01-10 00:00:00	2	APRILIANTO & RIZKY RIDA RIYADI (ADMIN PLANT)	GAM	55907	BARU	\N	\N	\N	\N	2026-02-16 02:31:07.068	2026-02-16 02:31:07.068	\N
31	PC CASING BRINN MB QWERTY	i5-2500 3,3 Ghz(4cpus)	SSD 256 Gb	DDR3 8 Gb	AOC 22INCH LCD	\N	MK120	\N	2024-10-14 00:00:00	2024-10-17 00:00:00	\N	JOKO (ADMIN PRODUKSI)	GAM	54368	BARU	00:e0:21:73:b0:f0 (mac address)	\N	u/detail lihat ERP	\N	2026-02-16 02:31:07.288	2026-02-16 02:31:07.288	\N
32	PC CASING BRINN MB QWERTY	i5-2500 3,3 Ghz(4cpus)	SSD 256 Gb	DDR3 8 Gb	AOC 22INCH LCD	\N	MK120	\N	2024-10-14 00:00:00	2024-10-17 00:00:00	\N	RENI (ADMIN PRODUKSI)	GAM	54368	BARU	00:e0:21:6d:ed:e4 (mac address)	\N	u/detail lihat ERP	\N	2026-02-16 02:31:07.885	2026-02-16 02:31:07.885	\N
33	PC Casing BRINN MBH61 QWERTY	i5-2500 3,3 Ghz(4cpus)	SSD 256 Gb	DDR3 8 Gb	AIWA 22INCH WLED	\N	MK120	\N	2024-11-13 00:00:00	2024-11-14 00:00:00	\N	HEKSA (ADMIN HSE)	GAM	59000	BARU	\N	\N	\N	\N	2026-02-16 02:31:08.142	2026-02-16 02:31:08.142	\N
34	PC Casing BRINN MBH61 QWERTY	i5-2500 3,3 Ghz(4cpus)	SSD 256 Gb	DDR3 8 Gb	AIWA 22INCH WLED	\N	MK120	\N	2024-11-14 00:00:00	2024-11-15 00:00:00	\N	DENNY MARKUS (FOREMAN LOGISTIK)	GAM	59022	BARU	\N	\N	u/detail lihat ERP	\N	2026-02-16 02:31:08.37	2026-02-16 02:31:08.37	\N
35	PC Casing Brinnn M08	i5 gen2	SSD 256	DDR3 8GB	Lenovo 22INCH	\N	Logitech	\N	2025-02-05 00:00:00	2025-05-05 00:00:00	\N	Alvin Hakim	GAM	66108	BARU	\N	\N	u/detail lihat ERP	\N	2026-02-16 02:31:08.603	2026-02-16 02:31:08.603	\N
37	PC CASING BRIZZZ	i5 gen2	SSD 256 GB	DDR3 8GB	AOC 22 INCH	\N	Logitech	\N	2025-02-07 00:00:00	2025-07-07 00:00:00	\N	Edwin	GAM	72074	BARU	\N	\N	u/detail lihat ERP	\N	2026-02-16 02:31:09.066	2026-02-16 02:31:09.066	\N
38	PC CASING BRIZZZ	i5 gen2	SSD 256 GB	DDR3 8GB	VIEWSONIC 22 INCH	EPSON L121	Logitech	\N	2025-08-13 00:00:00	2025-08-15 00:00:00	\N	Medic Site GAM	GAM	74221	BARU	\N	\N	u/detail lihat ERP	\N	2026-02-16 02:31:09.3	2026-02-16 02:31:09.3	\N
39	PC CASING BRIZZZ H61 Digital Alliance	i5 Gen2	SSD 256GB	DDR3 8GB	VIEWSONIC 22 INCH	\N	Logitech MK120	\N	2025-09-20 00:00:00	2025-09-22 00:00:00	\N	LIANA	GAM	76189	BARU	\N	\N	u/detail lihat ERP	\N	2026-02-16 02:31:09.567	2026-02-16 02:31:09.567	\N
40	PC CASING VARRO PRIME ARC Z4 H61 Digital Alliance	i5 Gen2	SSD 256GB	DDR3 16GB	VIEWSONIC 22 INCH	\N	Logitech MK120	\N	2025-10-14 00:00:00	2025-10-15 00:00:00	\N	RIZKI JATI WITOMO (ADMIN FUEL)	GAM	79225	BARU	\N	\N	u/detail lihat ERP	\N	2026-02-16 02:31:09.8	2026-02-16 02:31:09.8	\N
41	PC CASING BRIZZZ H61 Digital Alliance	i5 Gen2	SSD 256GB	DDR3 16GB	VIEWSONIC 22 INCH	\N	Logitech MK120	\N	2025-10-21 00:00:00	2025-10-23 00:00:00	\N	BAHARUDIN (ADMIN JO)	GAM	79029	BARU	\N	\N	u/detail lihat ERP	\N	2026-02-16 02:31:10.041	2026-02-16 02:31:10.041	\N
42	PC CASING VARRO PRIME ARC Z4 H61 Digital Alliance	i5 Gen2	SSD 256GB	DDR3 16GB	VIEWSONIC 22 INCH	\N	Logitech MK120	\N	2025-10-21 00:00:00	2025-10-23 00:00:00	\N	NOVAN DONY (ADMIN JO)	GAM	79029	BARU	\N	\N	u/detail lihat ERP	\N	2026-02-16 02:31:10.313	2026-02-16 02:31:10.313	\N
43	PC CASING VARRO PRIME ARC Z4 H61 Digital Alliance	i5 Gen2	SSD 256GB	DDR3 16GB	DAHUA 22 INCH	\N	Logitech MK120	\N	2025-10-21 00:00:00	2025-10-23 00:00:00	\N	AHMAD RIFKY (ADMIN JO)	GAM	79029	BARU	\N	\N	u/detail lihat ERP	\N	2026-02-16 02:31:10.543	2026-02-16 02:31:10.543	\N
44	PC SERVER PARADOX X99	Intel Xeon E5-2673v3	SSD 512GB	DDR4 64GB	\N	\N	\N	\N	2025-11-17 00:00:00	\N	\N	SERVER HEAD OFFICE (HO)	HO	80174	BARU	\N	\N	u/detail lihat ERP	\N	2026-02-16 02:31:10.772	2026-02-16 02:31:10.772	\N
45	PC CASING BRIZZZ H61 Digital Alliance	i5 Gen2	SSD 256GB	DDR3 16GB	DAHUA 22 INCH	\N	Logitech MK120	\N	2025-11-22 00:00:00	2025-11-24 00:00:00	\N	RAHMAT HIDAYAT (PLANNER)	GAM	81654	BARU	\N	\N	u/detail lihat ERP	\N	2026-02-16 02:31:10.995	2026-02-16 02:31:10.995	\N
46	PC CASING BRIZZZ H61 Varro	i5 Gen2	SSD 256GB	DDR3 16GB	DAHUA 22 INCH	\N	Logitech MK120	\N	2025-11-12 00:00:00	\N	\N	JURINDA RAHAYU HASIBUN (OJT HR)	GAM	83509	BARU	\N	\N	u/detail lihat ERP	\N	2026-02-16 02:31:11.238	2026-02-16 02:31:11.238	\N
47	PC CASING BRIZZZ H61 Varro	i5 Gen2	SSD 256GB	DDR3 16GB	DAHUA 22 INCH	\N	Logitech MK120	\N	2025-11-12 00:00:00	\N	\N	SILITONGA JONATHAN JORGHI (OJT HR)	GAM	83509	BARU	\N	\N	u/detail lihat ERP	\N	2026-02-16 02:31:11.457	2026-02-16 02:31:11.457	\N
49	PC CASING BRIZZZ H61 Digital Alliance	i5 Gen2	SSD 256GB	DDR3 16GB	DAHUA 22 INCH	\N	Logitech MK120	Prolink Pro 700SFC	2026-01-17 00:00:00	2026-01-19 00:00:00	\N	DWI	AKP	85475	BARU	\N	\N	u/detail lihat ERP	\N	2026-02-16 02:31:12.001	2026-02-16 02:31:12.001	\N
50	PC CASING BRIZZZ H61 Digital Alliance	i5 Gen2	SSD 256GB	DDR3 16GB	DAHUA 22 INCH	\N	Logitech MK120	\N	2026-01-20 00:00:00	\N	\N	MUGNI | REZKY | SULTAN MILENIO	GAM	85353	BARU	\N	\N	u/detail lihat ERP	\N	2026-02-16 02:31:12.229	2026-02-16 02:31:12.229	\N
51	PC CASING BRIZZZ H61 Digital Alliance	i5 Gen2	SSD 256GB	DDR3 16GB	DAHUA 22 INCH	\N	Logitech MK120	\N	2026-01-20 00:00:00	\N	\N	RAMADAHAN SURYA | ANDI KASEROAN	GAM	85327	BARU	\N	\N	u/detail lihat ERP	\N	2026-02-16 02:31:12.457	2026-02-16 02:31:12.457	\N
52	PC CASING BRIZZZ H61 Varro	i5 Gen2	SSD 256GB	DDR3 16GB	DAHUA 22 INCH	\N	Logitech MK120	\N	2026-01-30 00:00:00	2026-02-02 00:00:00	\N	KUKUH ARIWIBOBO	GAM	87000	BARU	\N	\N	u/detail lihat ERP	\N	2026-02-16 02:31:12.698	2026-02-16 02:31:12.698	\N
53	PC CASING BRIZZZ H61 Varro	i5 Gen2	SSD 256GB	DDR3 16GB	DAHUA 22 INCH	\N	Logitech MK120	\N	2026-01-30 00:00:00	2026-02-02 00:00:00	\N	GUSTI SUPRIANTO	GAM	86622	BARU	\N	\N	u/detail lihat ERP	\N	2026-02-16 02:31:12.924	2026-02-16 02:31:12.924	\N
54	PC	I3 Gen 2	256GB	8GB	\N	\N	\N	\N	2026-02-18 00:00:00	\N	1	NEARCEN (ADMIN FUEL)	GAM	0	SECOND	\N	\N	PC di upgrade	/uploads/1771378644851_image.jpg	2026-02-18 01:37:29.141	2026-02-18 01:37:29.141	\N
5	PC	i3	SSD 256 Gb	8Gb	LG 20 inch	\N	MK120	\N	2023-09-02 00:00:00	2023-09-02 00:00:00	\N	Angel Purchase	HO	35173	BARU	\N	\N	u/detail lihat di ERP	\N	2026-02-16 02:31:01.033	2026-02-20 07:46:25.562	\N
36	PC Casing Brinnn M08	i5 gen2	SSD 256	DDR3 8GB	Lenovo 22INCH	\N	Logitech	\N	2025-06-05 00:00:00	\N	\N	Ifham Spv logistik	WS89	68723	BARU	\N	\N	u/detail lihat ERP	\N	2026-02-16 02:31:08.826	2026-02-20 07:50:33.729	\N
56	PC CASING BRIZZZ H61 DIGITAL ALLIANCE	I5 GEN 2	256GB	16GB	DAHUA 22 INCH	\N	LOGITECH MK120	\N	2026-02-19 00:00:00	2026-02-20 00:00:00	1	INTAN ERAN SAPUTRI (ADMIN MS)	AKP	87859	BARU	\N	\N	U/detail lihat ERP	/uploads/1771553072872_IMG_6850.jpeg	2026-02-20 02:04:42.996	2026-02-20 08:16:27.279	\N
55	PC CASING BRIZZZ H61 DIGITAL ALLIANCE	I5 GEN 2	256GB	16GB	DAHUA 22 INCH	\N	LOGITECH MK120	PROLINK SFC700	2026-02-19 00:00:00	2026-02-20 00:00:00	1	SYAMRIJAL	AKP	87989	BARU	\N	\N	U/detail lihat ERP	/uploads/1771552880843_IMG_6850.jpeg	2026-02-20 02:01:39.035	2026-02-20 08:16:35.603	\N
48	PC CASING BRIZZZ H61 Varro	i5 Gen2	SSD 256GB	DDR3 16GB	DAHUA 22 INCH	\N	Logitech MK120	\N	2025-11-12 00:00:00	\N	\N	ANDI WAWAN NUGRAHA (OJT HR)	GAM	83509	BARU	\N	\N	u/detail lihat ERP	\N	2026-02-16 02:31:11.694	2026-04-20 07:34:37.862	HRD
60	Pc Brizzz Dah61	i5 5200	256 GB	16GB	\N	\N	Keyboard+Mouse	\N	2026-06-02 00:00:00	2026-06-03 00:00:00	1	Ramadhan Surya Saputra	GAM	94687	BARU	\N	\N	\N	/uploads/1780388119612_1000075712.jpg	2026-06-02 07:26:05.048	2026-06-02 08:15:23.249	Plant
57	Brizz DAH61	i5 gen 2	256 GB	16 GB	22 inch	\N	Logitech MK120	Prolink 700SFC	2026-04-16 00:00:00	2026-04-21 00:00:00	1	REZA ARYA TEGUH	GAM	90192	BARU	-	\N	PLANT DEPT UNTUK FASILITAS KERJA MCC PLANT KM33 , detail di ERP	/uploads/1776389021416_image.jpg	2026-04-17 01:21:55.632	2026-04-21 03:47:23.776	Plant
58	PC Casing Brizzz DAh61	I5 Gen 2	256 GB	16 GB	Dahua 22 Inch	\N	Logitech MK120	\N	2026-05-06 00:00:00	2026-05-06 00:00:00	\N	Ilham Fajar	AKP	92262	BARU	\N	\N	\N	/uploads/1778036255987_1778034054069_image.jpg	2026-05-06 02:02:59.588	2026-05-11 02:04:53.687	HRD
59	PC Brizzz DA H61	I5 Gen 2	256 GB	16 GB	Dahua 22 INCH	\N	Logitech MK120	PROLINK 700W	2026-05-19 00:00:00	\N	1	Fredy Saputra	GAM	94388	BARU	\N	\N	\N	/uploads/1779248477614_image.jpg	2026-05-20 03:42:34.952	2026-05-20 03:42:34.952	Plant
\.


--
-- Data for Name: pc_histories; Type: TABLE DATA; Schema: public; Owner: kalam
--

COPY public.pc_histories (id, pc_id, pic, tanggal_terima, site, departemen, keterangan, created_at, updated_at) FROM stdin;
\.


--
-- Data for Name: printer; Type: TABLE DATA; Schema: public; Owner: kalam
--

COPY public.printer (id, brand, jumlah, diperuntukan, site, nomor_po, nomor_surat_jalan, status_barang, tanggal_masuk, tanggal_kirim, kerusakan, keterangan, foto, created_at, updated_at, departemen) FROM stdin;
1	EPSON L121	1	BENNY DARMAWAN	HO	0	\N	BARU	2023-03-11 00:00:00	2023-04-11 00:00:00	\N	u/detail lihat ERP	\N	2026-02-19 06:19:08.62	2026-02-19 06:19:08.62	\N
2	EPSON L121	1	AGUS RIYANTO	HO	43607	\N	BARU	2023-11-22 00:00:00	2023-11-23 00:00:00	\N	u/detail lihat ERP	\N	2026-02-19 06:19:08.817	2026-02-19 06:19:08.817	\N
3	EPSON L1110	1	ANTIN SETYANI (HRGA)	GAM	0	\N	SECOND	2023-01-12 00:00:00	2023-12-18 00:00:00	printer menarik kertas tidak lancar saluran pembuangan tinta bocor	sudah selesai diservice	\N	2026-02-19 06:19:08.97	2026-02-19 06:19:08.97	\N
4	EPSON L1300	1	RAJA SIAHAAN	GAM	0	\N	SECOND	2023-12-01 00:00:00	2023-01-12 00:00:00	\N	salah satu printer disite ada yg rusak	\N	2026-02-19 06:19:09.082	2026-02-19 06:19:09.082	\N
5	PRINTER ID CARD FARGO DTC1250	1	HSE	GAM	0	\N	BARU	2023-06-12 00:00:00	2023-07-12 00:00:00	\N	u/detail lihat ERP	\N	2026-02-19 06:19:09.185	2026-02-19 06:19:09.185	\N
6	EPSON L360	1	PANJI PLAN	HO	0	\N	SECOND	2023-12-11 00:00:00	2023-11-12 00:00:00	printer hanya bisa ngeprint warna hitam	untuk print warna tidak normal	\N	2026-02-19 06:19:09.281	2026-02-19 06:19:09.281	\N
7	EPSON L121	1	LINDA PAJAK	HO	44229	\N	BARU	2023-12-15 00:00:00	2023-12-15 00:00:00	\N	u/detail lihat ERP	\N	2026-02-19 06:19:09.375	2026-02-19 06:19:09.375	\N
8	EPSON L121	1	JULIA PURCHASE	HO	44461	\N	BARU	2023-12-27 00:00:00	2023-12-27 00:00:00	\N	u/detail lihat ERP	\N	2026-02-19 06:19:09.464	2026-02-19 06:19:09.464	\N
9	TONER CATRDIGE PRINTER	1	RINA FINANCE	HO	0	\N	BARU	2024-01-25 00:00:00	\N	toner sebelumnya sudah habis isinya dan tidak ada gantinya jadi dibelikan yg baru	u/detail lihat ERP	\N	2026-02-19 06:19:09.566	2026-02-19 06:19:09.566	\N
10	EPSON L3210	1	HSE	GAM	0	\N	SECOND	2024-01-30 00:00:00	2024-01-31 00:00:00	muncul indikator kertas dan tinta kedip nyala bersamaan menyebabkan tidak bisa ngeprint, sudah dilakukan reset tetapi kertas yang mau diprint disisakan 20 lembar agar tidak terjadi paper jam karena rooler sudah mulai lemah	\N	\N	2026-02-19 06:19:09.664	2026-02-19 06:19:09.664	\N
11	EPSON L3210	1	TAHMID (SUPTEND PLAN)	GAM	45802	\N	BARU	2024-02-19 00:00:00	2024-02-19 00:00:00	\N	u/detail lihat ERP	\N	2026-02-19 06:19:09.769	2026-02-19 06:19:09.769	\N
12	EPSON L121	1	DIMAS ASMARA (PLANT)	HO	50159	\N	BARU	2024-06-06 00:00:00	2024-07-06 00:00:00	\N	PANJI sdh resign jadi printernya eks Panji di simpan di IT	\N	2026-02-19 06:19:09.863	2026-02-19 06:19:09.863	\N
13	EPSON L3210	1	LEONITA (PURCHASING)	HO	50284	\N	BARU	2024-12-06 00:00:00	2024-06-18 00:00:00	printer lama eks leonita epson L1210 disimpan di IT	\N	\N	2026-02-19 06:19:09.966	2026-02-19 06:19:09.966	\N
14	EPSON L1210	1	AMIR (COUNTER LOGISTIK)	GAM	0	\N	SERVICE	2024-03-07 00:00:00	2024-12-07 00:00:00	tidak bisa tarik kertas	dibawa ketempat services	\N	2026-02-19 06:19:10.057	2026-02-19 06:19:10.057	\N
15	EPSON L1210	1	Alvin (ACCOUNTING)	HO	0	\N	SERVICE	2024-07-19 00:00:00	2024-07-23 00:00:00	hasil cetak untuk semua warna tidak normal walau beberapa kali dicleaning	dibawa ketempat services	\N	2026-02-19 06:19:10.162	2026-02-19 06:19:10.162	\N
16	EPSON L3210	1	JA'FAR (ADMIN TYER)	GAM	53897	\N	BARU	2024-10-09 00:00:00	2024-09-14 00:00:00	\N	C.0001	\N	2026-02-19 06:19:10.255	2026-02-19 06:19:10.255	\N
17	EPSON L3210	2	AMSTRONG & YOGI (HRGA)	GAM	54826	\N	BARU	2024-09-20 00:00:00	2024-09-21 00:00:00	\N	C.0002	\N	2026-02-19 06:19:10.357	2026-02-19 06:19:10.357	\N
18	EPSON L3210	1	DIONSIUS. F (GA)	GAM	55650	\N	BARU	2024-09-20 00:00:00	2024-09-21 00:00:00	\N	C.0004	\N	2026-02-19 06:19:10.448	2026-02-19 06:19:10.448	\N
19	EPSON L3210	1	RAJA (ENGINEERING)	GAM	55727	\N	BARU	2024-09-20 00:00:00	2024-09-21 00:00:00	\N	C.0005	\N	2026-02-19 06:19:10.534	2026-02-19 06:19:10.534	\N
20	EPSON L3210	1	MA'MUN (PLANT)	GAM	53770	\N	BARU	2024-09-28 00:00:00	2024-09-30 00:00:00	\N	C.0006	\N	2026-02-19 06:19:10.638	2026-02-19 06:19:10.638	\N
21	EPSON L3210	1	SATRIA (PIT JO)	GAM	54363	\N	BARU	2024-09-28 00:00:00	2024-09-30 00:00:00	\N	C.0007	\N	2026-02-19 06:19:10.729	2026-02-19 06:19:10.729	\N
22	EPSON L3210	1	AKBAR (ADMIN LOGISTIK)	GAM	55933	\N	BARU	2024-02-10 00:00:00	2024-03-10 00:00:00	\N	C.0008	\N	2026-02-19 06:19:10.838	2026-02-19 06:19:10.838	\N
23	EPSON L121	1	PAK JIMMY (DEPUTY PM)	GAM	57124	\N	BARU	2024-08-10 00:00:00	2024-08-10 00:00:00	\N	C.0009	\N	2026-02-19 06:19:10.928	2026-02-19 06:19:10.928	\N
24	EPSON L3210	1	TRI (ADMIN LOGISTIK)	WS89	0	\N	SECOND	2024-10-17 00:00:00	2024-10-17 00:00:00	EKS SITE ARSY DEPT.PRODUKSI	C.0010	\N	2026-02-19 06:19:11.033	2026-02-19 06:19:11.033	\N
25	EPSON L3110	1	RUDI (IT)	HO	0	\N	SECOND	2024-10-17 00:00:00	2024-10-18 00:00:00	TIDAK MAU NARIK KERTAS, ADA PULPEN DIDALAMNYA	C.0011 (EKS PAK TRI WS89)	\N	2026-02-19 06:19:11.128	2026-02-19 06:19:11.128	\N
26	ZEBRA ZDD220/ZD230	1	FREDDY (LOGISTIK)	GAM	57842	\N	BARU	2024-10-24 00:00:00	2024-10-25 00:00:00	\N	C.0012	\N	2026-02-19 06:19:11.252	2026-02-19 06:19:11.252	\N
27	LABEL BROTHER PT-P950NW	1	MUHAMMAD ILMAN (ASSET)	HO	58784	\N	BARU	2024-06-11 00:00:00	2024-11-11 00:00:00	\N	C.0013	\N	2026-02-19 06:19:11.343	2026-02-19 06:19:11.343	\N
28	EPSON L121	1	ZAFLI (LOGISTIK)	HO	74481	\N	BARU	2025-09-25 00:00:00	2025-09-25 00:00:00	\N	u/detail lihat ERP	\N	2026-02-19 06:19:11.445	2026-02-19 06:19:11.445	\N
29	EPSON L3210	1	JOKO ISWANTO	HO	78386	\N	BARU	2025-06-10 00:00:00	2025-06-10 00:00:00	\N	u/detail lihat ERP	\N	2026-02-19 06:19:11.535	2026-02-19 06:19:11.535	\N
30	ZEBRA ZDD220/ZD230	1	IFHAM (LOGISTIK)	WS89	78571	\N	BARU	2025-10-13 00:00:00	2025-10-14 00:00:00	\N	u/detail lihat ERP	\N	2026-02-19 06:19:11.637	2026-02-19 06:19:11.637	\N
31	EPSON L3250	1	JULIANSYAH (PLANT)	GAM	79186	\N	BARU	2025-10-14 00:00:00	2025-10-17 00:00:00	\N	u/detail lihat ERP	\N	2026-02-19 06:19:11.728	2026-02-19 06:19:11.728	\N
32	EPSON L121	1	RENI (PRODUKSI)	GAM	77655	\N	BARU	2025-10-17 00:00:00	2025-11-14 00:00:00	\N	u/detail lihat ERP	\N	2026-02-19 06:19:11.833	2026-02-19 06:19:11.833	\N
33	EPSON L11050	2	SONI KUDDI	GAM	77928	\N	BARU	2025-12-11 00:00:00	2025-11-14 00:00:00	\N	u/detail lihat ERP	\N	2026-02-19 06:19:11.922	2026-02-19 06:19:11.922	\N
34	EPSON L121	1	KEVIN BRIAN BELA (ASSET)	HO	0	\N	BARU	2025-11-17 00:00:00	2025-11-17 00:00:00	\N	u/detail lihat ERP	\N	2026-02-19 06:19:12.022	2026-02-19 06:19:12.022	\N
35	EPSON L13210	1	TB BLUFFIN 15	THS	0	\N	BARU	2025-11-21 00:00:00	2025-11-24 00:00:00	\N	u/detail lihat ERP	\N	2026-02-19 06:19:12.115	2026-02-19 06:19:12.115	\N
36	EPSON L3211	1	IDUL	WS89	86593	\N	BARU	2026-01-26 00:00:00	2026-01-30 00:00:00	\N	u/detail lihat ERP	\N	2026-02-19 06:19:12.214	2026-02-19 06:19:12.214	\N
37	EPSON L121	1	JULIUS TIO (FINANCE)	HO	88971	\N	BARU	2026-03-03 00:00:00	2026-03-03 00:00:00	\N	U/ detail lihat ERP	/uploads/1772516124962_image.jpg	2026-03-03 05:35:42.829	2026-03-03 06:06:20.66	\N
38	epson L121	1	Ramadhan Surya Saputra	GAM	94687	\N	BARU	2026-06-02 00:00:00	2026-06-03 00:00:00	\N	\N	/uploads/1780388219526_1000075708.jpg	2026-06-02 08:07:59.623	2026-06-02 08:17:01.041	\N
\.


--
-- Data for Name: stock_item_types; Type: TABLE DATA; Schema: public; Owner: postgres
--

COPY public.stock_item_types (id, nama, created_at) FROM stdin;
3	Baterai UPS	2026-04-29 08:45:54.847
4	RAM PC DDR3	2026-04-30 00:57:41.711
5	BNC CCTV	2026-04-30 01:00:25.474
7	POE	2026-05-06 06:44:40.822
8	Mikrotik E50UG	2026-05-06 06:46:10.124
9	Mikrotik SXT	2026-05-06 06:47:07.317
10	DVR	2026-05-06 06:47:55.241
11	Camera Analog	2026-05-06 06:48:36.024
12	RUIJIE OUTDOOR	2026-05-06 06:50:00.606
13	RUIJIE INDOOR	2026-05-06 06:51:01.236
14	SWITCH	2026-05-06 06:51:58.511
15	IP Camera	2026-05-06 06:57:51.897
16	Adaptor 12V	2026-05-06 07:02:14.989
18	Steker Listrik	2026-05-06 07:05:15.166
20	STOP KONTAK LISTRIK	2026-05-06 07:06:33.187
21	Kabel Ties	2026-05-06 07:08:31.268
22	PSU	2026-05-07 03:07:06.329
23	TINTA	2026-05-08 05:56:14.112
24	RAM Laptop DDR4	2026-05-12 06:36:04.768
25	HDD	2026-05-15 08:16:02.017
\.


--
-- Data for Name: stock_transactions; Type: TABLE DATA; Schema: public; Owner: kalam
--

COPY public.stock_transactions (id, tanggal, keterangan, created_at, updated_at, nama_barang, part_type, quality, type_barang, vendor_tujuan) FROM stdin;
7	2026-04-30 00:00:00	\N	2026-04-30 00:57:50.233	2026-04-30 00:58:54.169	RAM PC DDR3 8GB	MASUK	3	RAM PC DDR3	Java Computer
8	2026-04-30 00:00:00	\N	2026-04-30 01:00:40.565	2026-04-30 01:00:40.565	BNC Connector	MASUK	11	BNC CCTV	City Electronic
4	2026-04-29 00:00:00	Stok IT	2026-04-29 08:46:14.054	2026-04-30 01:01:42.848	Baterai UPS Yuasa	MASUK	1	Baterai UPS	Java Computer
6	2026-04-30 00:00:00	ganti	2026-04-30 00:56:35.285	2026-04-30 07:06:10.406	Baterai UPS Yuasa	KELUAR	1	Baterai UPS	Dina HR
9	2026-04-30 00:00:00	PO/90202	2026-04-30 01:01:20.634	2026-04-30 07:10:50.257	Baterai UPS Yuasa	MASUK	1	Baterai UPS	Java Computer
11	2026-05-02 00:00:00	tambah ram	2026-05-02 03:43:34.416	2026-05-02 03:43:34.416	RAM PC DDR3 8GB	KELUAR	1	RAM PC DDR3	Ivonny (Sekretaris) HO
13	2026-05-04 00:00:00	Upgrade RAM menjadi 16GB yang sebelumnya 10 GB	2026-05-04 06:13:02.595	2026-05-04 06:13:02.595	RAM PC DDR3 8GB	KELUAR	1	RAM PC DDR3	Luna Raissa (HR)
15	2026-05-06 00:00:00	Stok IT	2026-05-06 06:46:35.564	2026-05-06 06:46:35.564	U50UG	MASUK	10	Mikrotik E50UG	Java Computer
17	2026-05-06 00:00:00	Stok IT	2026-05-06 06:48:13.539	2026-05-06 06:48:13.539	DAHUA DVR	MASUK	1	DVR	Java Computer
18	2026-05-06 00:00:00	Stok IT	2026-05-06 06:48:55.745	2026-05-06 06:48:55.745	Analog Dahua	MASUK	4	Camera Analog	City Electronic
19	2026-05-06 00:00:00	STOK IT	2026-05-06 06:50:30.098	2026-05-06 06:50:30.098	RG-RAP52-OD	MASUK	2	RUIJIE OUTDOOR	Java Computer
20	2026-05-06 00:00:00	STOK IT	2026-05-06 06:51:33.937	2026-05-06 06:51:33.937	RG-RAP2260(G)	MASUK	1	RUIJIE INDOOR	Java Computer
21	2026-05-06 00:00:00	Stok IT	2026-05-06 06:52:27.209	2026-05-06 06:52:27.209	Ruijie 5 Port	MASUK	1	SWITCH	Java Computer
22	2026-05-06 00:00:00	Stok IT	2026-05-06 06:53:43.049	2026-05-06 06:53:43.049	SXT	MASUK	6	Mikrotik SXT	Java Computer
23	2026-05-06 00:00:00	Stok IT	2026-05-06 06:58:32.181	2026-05-06 06:58:32.181	H6c Pro	MASUK	1	IP Camera	Java Computer
24	2026-05-06 00:00:00	Stok IT	2026-05-06 06:59:26.911	2026-05-06 06:59:26.911	H9c	MASUK	3	IP Camera	Java Computer
25	2026-05-06 00:00:00	Stok IT	2026-05-06 07:02:36.549	2026-05-06 07:02:36.549	12V	MASUK	8	Adaptor 12V	Java Computer
26	2026-05-06 00:00:00	Stok IT	2026-05-06 07:03:57.924	2026-05-06 07:03:57.924	POE Ruijie	MASUK	5	POE	Java Computer
27	2026-05-06 00:00:00	Stok IT	2026-05-06 07:05:45.512	2026-05-06 07:05:45.512	Steker	MASUK	9	Steker Listrik	City Electronic
28	2026-05-06 00:00:00	Stok IT	2026-05-06 07:07:00.255	2026-05-06 07:07:00.255	Stop Kontak	MASUK	10	STOP KONTAK LISTRIK	City Electronic
29	2026-05-06 00:00:00	Stok IT	2026-05-06 07:08:49.3	2026-05-06 07:08:49.3	Ties	MASUK	4	Kabel Ties	City Electronic
30	2026-05-07 00:00:00	\N	2026-05-07 03:07:22.572	2026-05-07 03:07:22.572	PSU 400 watt	MASUK	1	PSU	Java Computer
31	2026-05-08 00:00:00	\N	2026-05-08 05:54:39.789	2026-05-08 05:54:39.789	Ruijie 8 Port	MASUK	4	SWITCH	Java Computer
32	2026-05-08 00:00:00	\N	2026-05-08 05:56:29.738	2026-05-08 05:56:29.738	Epson 003 Hitam	MASUK	10	TINTA	Java Computer
33	2026-05-08 00:00:00	\N	2026-05-08 05:59:12.78	2026-05-08 05:59:12.78	RAM PC DDR3 8GB	MASUK	2	RAM PC DDR3	Adiva Comp
37	2026-05-12 00:00:00	Stok IT	2026-05-12 06:36:47.397	2026-05-12 06:36:47.397	RAM Laptop DDR4	MASUK	1	RAM Laptop DDR4	Adiva Comp
38	2026-05-15 00:00:00	PO 92244	2026-05-15 08:16:54.079	2026-05-15 08:16:54.079	PSU 400 watt	MASUK	4	PSU	Java Computer
39	2026-05-18 00:00:00	Ganti RAM	2026-05-18 08:31:46.796	2026-05-18 08:31:46.796	RAM PC DDR3 8GB	KELUAR	1	RAM PC DDR3	Hendra ws89
40	2026-05-18 00:00:00	ganti PSU yg rusak	2026-05-18 08:32:22.077	2026-05-18 08:32:22.077	PSU 400 watt	KELUAR	1	PSU	Hendra ws89
41	2026-05-25 00:00:00	PO/94432/05-26/OU1	2026-05-25 07:39:19.032	2026-05-25 07:39:19.032	PSU 400 watt	MASUK	1	PSU	Adiva Comp
42	2026-05-25 00:00:00	PO/94432/05-26/OU1	2026-05-25 07:39:34.707	2026-05-25 07:39:34.707	RAM PC DDR3 8GB	MASUK	1	RAM PC DDR3	Adiva Comp
43	2026-06-01 00:00:00	\N	2026-06-04 01:06:24.171	2026-06-04 01:06:24.171	PSU 400 watt	KELUAR	4	PSU	Ariwan gam
\.


--
-- Data for Name: stock_vendors; Type: TABLE DATA; Schema: public; Owner: postgres
--

COPY public.stock_vendors (id, nama, created_at) FROM stdin;
1	Java Computer	2026-04-29 08:41:29.655
2	City Electronic	2026-04-30 01:00:37.739
3	Adiva Comp	2026-05-08 05:59:11.018
\.


--
-- Data for Name: storage; Type: TABLE DATA; Schema: public; Owner: kalam
--

COPY public.storage (id, brand, storage, jumlah_orderan, diperuntukan, site, nomor_po, nomor_surat_jalan, status_barang, tanggal_masuk, tanggal_kirim, keterangan, foto, created_at, updated_at, departemen) FROM stdin;
1	HDD SEAGATE	500GB	2	RIZKY (ACCOUNTING) & DINA (PAJAK)	HO	88235	\N	BARU	2026-02-24 00:00:00	\N	U/ detail lihat ERP	/uploads/1771916470870_image.jpg	2026-02-24 07:01:39.162	2026-02-25 06:46:59.16	\N
2	WD Blue	500 GB	1	Gilang	THS	0	\N	BARU	2026-04-21 00:00:00	\N	\N	/uploads/1776743655403_image.jpg	2026-04-21 03:54:20.923	2026-04-21 03:54:20.923	\N
3	Seagate Skyhawk CCTV	2000 GB	1	Toha	WS89	91876	\N	BARU	2026-05-15 00:00:00	\N	\N	\N	2026-05-15 08:15:16.834	2026-05-15 08:15:16.834	Plant
\.


--
-- Data for Name: tools_jaringan; Type: TABLE DATA; Schema: public; Owner: kalam
--

COPY public.tools_jaringan (id, brand, jumlah_orderan, diperuntukan, site, nomor_po, nomor_surat_jalan, status_barang, tanggal_masuk, tanggal_kirim, keterangan, foto, created_at, updated_at, departemen) FROM stdin;
1	Tang Crimping Proxp	1	ARIWAN	GAM	76578	\N	BARU	2025-09-22 00:00:00	2025-09-22 00:00:00	u/detail lihat ERP	\N	2026-02-19 06:53:38.897	2026-02-19 06:53:38.897	\N
2	Kabel Lan Belden	1	ARIWAN	GAM	76578	\N	BARU	2025-09-22 00:00:00	2025-09-22 00:00:00	u/detail lihat ERP	\N	2026-02-19 06:53:39.126	2026-02-19 06:53:39.126	\N
6	Ruijie Switch 8 Port RG-ES08G-L	1	ARIWAN	GAM	0	\N	BARU	2025-10-13 00:00:00	2025-10-20 00:00:00	u/detail lihat ERP	\N	2026-02-19 06:53:39.571	2026-02-19 06:53:39.571	\N
7	Belden RJ45 Cat5	1	ARIWAN	GAM	0	\N	BARU	2025-10-20 00:00:00	2025-10-20 00:00:00	u/detail lihat ERP	\N	2026-02-19 06:53:39.675	2026-02-19 06:53:39.675	\N
8	ZKTECO MESIN ABSENSI	3	ALI AZIZ	GAM	79014	\N	BARU	2025-10-20 00:00:00	2025-10-23 00:00:00	u/detail lihat ERP	\N	2026-02-19 06:53:39.766	2026-02-19 06:53:39.766	\N
9	BRAKET STARLINK GEN3 V4	1	ROBIN TANDRIN	DIREKSI	0	\N	BARU	2025-10-23 00:00:00	\N	u/detail lihat ERP	\N	2026-02-19 06:53:39.864	2026-02-19 06:53:39.864	\N
10	RUIJIE RG-POE-AF15	13	ARIWAN	GAM	76979	\N	BARU	2025-12-11 00:00:00	\N	u/detail lihat ERP	\N	2026-02-19 06:53:39.957	2026-02-19 06:53:39.957	\N
11	RUIJIE RG-RAP52-OD ACCESS POINT	13	ARIWAN	GAM	76979	\N	BARU	2025-12-11 00:00:00	\N	u/detail lihat ERP	\N	2026-02-19 06:53:40.07	2026-02-19 06:53:40.07	\N
12	MIKROTIK E50UG hEX	7	ARIWAN	GAM	76978	\N	BARU	2025-11-14 00:00:00	\N	u/detail lihat ERP	\N	2026-02-19 06:53:40.16	2026-02-19 06:53:40.16	\N
13	Ruijie RG-ES05G-L 5 port	5	Rudi	HO	86752	\N	Baru	2026-01-26 00:00:00	2026-01-26 00:00:00	u/detail lihat ERP	\N	2026-02-19 06:53:40.26	2026-02-19 06:53:40.26	\N
14	Ruijie RG-ES08G-L 8 port	5	Rudi	HO	86752	\N	Baru	2026-01-26 00:00:00	2026-01-26 00:00:00	u/detail lihat ERP	\N	2026-02-19 06:53:40.355	2026-02-19 06:53:40.355	\N
15	UGREEN M.2 NVME TO PCI-E 3.0 x 4 EXPANSION CARD	3	RUDI WICAKSONO	HO	88237	\N	BARU	2026-02-19 00:00:00	\N	Untuk Stok IT	/uploads/1771484183714_image.jpg	2026-02-19 06:57:42.335	2026-02-19 08:26:19.38	\N
5	TP-Link Access Point TL-WA801N	1	IFHAM	WS89	77989	\N	BARU	2025-09-23 00:00:00	2025-09-24 00:00:00	u/detail lihat ERP	\N	2026-02-19 06:53:39.481	2026-02-20 07:57:01.166	\N
3	TP-Link Network Adapter TG-3468	1	IFHAM	WS89	77993	\N	BARU	2025-09-22 00:00:00	2025-09-24 00:00:00	u/detail lihat ERP	\N	2026-02-19 06:53:39.277	2026-02-20 07:57:15.528	\N
4	TP-Link Switch TL-SF1008D	3	IFHAM	WS89	77993	\N	BARU	2025-09-22 00:00:00	2025-09-24 00:00:00	u/detail lihat ERP	\N	2026-02-19 06:53:39.386	2026-02-20 07:57:28.947	\N
\.


--
-- Data for Name: ups; Type: TABLE DATA; Schema: public; Owner: kalam
--

COPY public.ups (id, brand, daya_va, jumlah_orderan, diperuntukan, site, nomor_po, nomor_surat_jalan, status_barang, tanggal_masuk, tanggal_kirim, keterangan, foto, created_at, updated_at, departemen) FROM stdin;
1	Prolink Pro700SFC	700 watt	2	RAJA & ANDI ISNAWAN (ENGINERING)	GAM	42340	PR 46212	BARU	2023-10-18 00:00:00	2023-10-19 00:00:00	u/detail lihat ERP	\N	2026-02-19 03:03:17.832	2026-02-19 03:03:17.832	\N
2	Prolink Pro700SFC	700 watt	1	NANDAR (LOGISTIK)	GAM	42847	\N	BARU	2023-10-31 00:00:00	2023-01-11 00:00:00	u/detail lihat ERP	\N	2026-02-19 03:03:18.017	2026-02-19 03:03:18.017	\N
3	Prolink Pro700SFC	700 watt	4	DATA CENTER, TASYA, DIANA & BENNY WONGSO (HR)	HO	0	\N	BARU	2023-11-13 00:00:00	2023-11-13 00:00:00	u/detail lihat ERP	\N	2026-02-19 03:03:18.166	2026-02-19 03:03:18.166	\N
4	ICA CN650	650 WATT	0	LOGISTIK	GAM	0	\N	SERVICE	2023-07-11 00:00:00	2023-11-16 00:00:00	GANTI BATERAI	\N	2026-02-19 03:03:18.268	2026-02-19 03:03:18.268	\N
5	ICA CE600	600 WATT	0	ELEKTRIK	GAM	0	\N	SERVICE	2023-07-11 00:00:00	2023-11-16 00:00:00	GANTI BATERAI&SEKERING PUTUS	\N	2026-02-19 03:03:18.374	2026-02-19 03:03:18.374	\N
6	ICA CN1300	1300WATT	0	MCC SELATAN	GAM	0	\N	SERVICE	2023-07-11 00:00:00	2023-11-16 00:00:00	GANTI BATERAI	\N	2026-02-19 03:03:18.467	2026-02-19 03:03:18.467	\N
7	ICA650	650 WATT	0	TINUS (LOGISTIK)	HO	0	\N	SERVICE	2023-11-15 00:00:00	\N	GANTI BATERAI	\N	2026-02-19 03:03:18.57	2026-02-19 03:03:18.57	\N
8	Prolink Pro700	700 WATT	0	JULIANA (SPV PURCHASE)	HO	0	\N	SECOND	2023-11-13 00:00:00	2023-11-30 00:00:00	UPS EKS BENY W	\N	2026-02-19 03:03:18.658	2026-02-19 03:03:18.658	\N
9	Prolink Pro 700SFC	700 WATT	2	PERANGKAT JARINGAN IT	GAM	52934	\N	BARU	2024-07-23 00:00:00	2024-07-25 00:00:00	u/detail lihat ERP	\N	2026-02-19 03:03:18.758	2026-02-19 03:03:18.758	\N
10	Prolink Pro 700SFC	700 WATT	2	YOSI RIYA IRAWAN & ALFIADI PRAYOGO (ENGINEERING MCC PLAN)	GAM	53458	\N	BARU	2024-06-08 00:00:00	2024-07-08 00:00:00	u/detail lihat ERP	\N	2026-02-19 03:03:18.852	2026-02-19 03:03:18.852	\N
11	Prolink Pro 700SFC	700 WATT	1	JA'FAR (ADMIN TYER)	GAM	53897	\N	BARU	2024-10-09 00:00:00	2024-09-14 00:00:00	u/detail lihat ERP	\N	2026-02-19 03:03:18.953	2026-02-19 03:03:18.953	\N
12	ICA	1200 watt	1	ACING (HEAD FINANCE)	HO	0	\N	SECOND	2024-10-18 00:00:00	2024-10-18 00:00:00	GANTI BATTERY	\N	2026-02-19 03:03:19.043	2026-02-19 03:03:19.043	\N
13	PROLINK	700 WATT	2	ARIWAN	GAM	60910	\N	BARU	2024-12-31 00:00:00	2024-02-01 00:00:00	u/detail lihat ERP	\N	2026-02-19 03:03:19.143	2026-02-19 03:03:19.143	\N
14	PROLINK	1200 WATT	1	ARIWAN	GAM	60910	\N	BARU	2024-12-31 00:00:00	2024-02-01 00:00:00	u/detail lihat ERP	\N	2026-02-19 03:03:19.234	2026-02-19 03:03:19.234	\N
15	BATERAI UPS YUASA	\N	3	RINA & MEGA	HO	78713	\N	BARU	2025-10-13 00:00:00	2025-10-14 00:00:00	u/detail lihat ERP	\N	2026-02-19 03:03:19.523	2026-02-19 03:03:19.523	\N
16	BATERAI UPS YUASA	\N	3	MAYA (SEKRETARIS)	HO	78713	\N	BARU	2025-10-23 00:00:00	2025-10-23 00:00:00	u/detail lihat ERP	\N	2026-02-19 03:03:19.659	2026-02-19 03:03:19.659	\N
17	Prolink Pro 700SFC	700 WATT	1	REZNA (ACCOUNTING)	HO	80723	\N	BARU	2025-11-28 00:00:00	2025-11-28 00:00:00	u/detail lihat ERP	\N	2026-02-19 03:03:19.751	2026-02-19 03:03:19.751	\N
18	Prolink Pro 700SFC	700 WATT	1	RINA (FINANCE)	HO	80171	\N	BARU	2025-11-28 00:00:00	2025-11-28 00:00:00	u/detail lihat ERP	\N	2026-02-19 03:03:19.867	2026-02-19 03:03:19.867	\N
19	Prolink Pro 700SFC	700 WATT	1	GUSTI SUPRIANTO	GAM	86622	\N	BARU	2026-01-30 00:00:00	2026-02-02 00:00:00	u/detail lihat ERP	\N	2026-02-19 03:03:19.958	2026-02-19 03:03:19.958	\N
20	APC SRV1KI-E	1000VA	4	SERVER HO	HO	86740	\N	BARU	2026-02-19 00:00:00	\N	\N	/uploads/1771470474328_image.jpg	2026-02-19 03:11:04.267	2026-02-19 03:11:04.267	\N
21	PROLINK PRO700SFC	700	1	AHMAD RIFKI	GAM	86880	\N	BARU	2026-03-02 00:00:00	\N	U/ detail lihat ERP	/uploads/1772516007312_IMG_6949.jpeg	2026-03-03 05:33:40.493	2026-03-03 06:07:29.248	\N
22	Prolink Pro700SFC	700	1	Moh. Ismail	GAM	89893	\N	BARU	2026-04-16 00:00:00	2026-04-17 00:00:00	Penggantian UPS yang rusak	/uploads/1776389104241_image.jpg	2026-04-17 01:18:47.342	2026-04-17 01:25:09.638	\N
23	Prolink PRO700SFC	650 VA	1	Ramadhan Surya Saputra	GAM	94687	\N	BARU	2026-06-02 00:00:00	2026-06-03 00:00:00	\N	\N	2026-06-02 08:10:34.85	2026-06-02 08:10:34.85	Plant
24	Prolink PRO700SFC	650VA	1	Morgan	GAM	94687	\N	BARU	2026-06-02 00:00:00	2026-06-03 00:00:00	\N	\N	2026-06-02 08:11:37.888	2026-06-02 08:11:37.888	Plant
\.


--
-- Data for Name: ups_stock_transactions; Type: TABLE DATA; Schema: public; Owner: kana22
--

COPY public.ups_stock_transactions (id, "tipeTransaksi", jumlah, tanggal, keterangan, created_at, updated_at) FROM stdin;
2	KELUAR	1	2026-04-29 00:00:00	untuk dina HR	2026-04-29 03:17:49.361	2026-04-29 03:17:49.361
3	MASUK	2	2026-04-29 00:00:00	PO12345	2026-04-29 03:18:51.056	2026-04-29 03:18:51.056
4	KELUAR	2	2026-04-29 00:00:00	DINA	2026-04-29 03:19:06.778	2026-04-29 03:19:06.778
\.


--
-- Data for Name: users; Type: TABLE DATA; Schema: public; Owner: kalam
--

COPY public.users (id, name, password, role, is_active, created_at, updated_at, username, last_active_at, last_login_at) FROM stdin;
1	Super Admin	$2b$12$lUkCHrZ1VeFp91i70LyooeW/uShLe78yJQCQR.ucBYuAwYMhKSMAe	superadmin	t	2026-05-07 06:40:54.471	2026-06-15 01:00:23.304	admin	2026-06-15 01:00:23.302	2026-06-15 01:00:23.171
4	Kalam Aulia	$2b$12$honzG9CzImG6eaARhtShOOxRibXp8VMttbqxJpSNreaR1zMXGzqnK	user	t	2026-05-08 06:11:45.317	2026-05-08 08:23:07.258	kalam	\N	\N
3	Rudi Wicaksono	$2b$12$crBp7wQhgVyf2CBMLVrp8eHOTUlSpzQFcRvl2HxNpH.8HGJKenzNO	admin	t	2026-05-08 05:50:33.647	2026-06-12 09:00:19.82	rudi	2026-06-12 09:00:19.819	2026-06-12 08:54:28.427
5	Habib Syaukani	$2b$12$S3DTbZP8.ctUiBwGSO/wYOfzxVoAV0e.dyinpNE66PTtcQdS/NPwC	user	t	2026-06-01 01:48:11.712	2026-06-11 08:04:52.635	habib	\N	\N
\.


--
-- Data for Name: user_permissions; Type: TABLE DATA; Schema: public; Owner: kalam
--

COPY public.user_permissions (id, user_id, menu, permission, created_at) FROM stdin;
374	3	dashboard	view	2026-06-10 07:40:28.72
375	3	lifts	view	2026-06-10 07:40:28.72
376	3	lifts	create	2026-06-10 07:40:28.72
377	3	lifts	edit	2026-06-10 07:40:28.72
378	3	lifts	export	2026-06-10 07:40:28.72
379	3	laptops	view	2026-06-10 07:40:28.72
380	3	laptops	create	2026-06-10 07:40:28.72
381	3	laptops	edit	2026-06-10 07:40:28.72
382	3	laptops	export	2026-06-10 07:40:28.72
383	3	laptops	serah_terima	2026-06-10 07:40:28.72
384	3	pcs	view	2026-06-10 07:40:28.72
385	3	pcs	create	2026-06-10 07:40:28.72
386	3	pcs	edit	2026-06-10 07:40:28.72
387	3	pcs	export	2026-06-10 07:40:28.72
388	3	mouse	view	2026-06-10 07:40:28.72
389	3	mouse	create	2026-06-10 07:40:28.72
390	3	mouse	edit	2026-06-10 07:40:28.72
391	3	mouse	export	2026-06-10 07:40:28.72
392	3	monitor	view	2026-06-10 07:40:28.72
393	3	monitor	create	2026-06-10 07:40:28.72
394	3	monitor	edit	2026-06-10 07:40:28.72
395	3	monitor	export	2026-06-10 07:40:28.72
396	3	ups	view	2026-06-10 07:40:28.72
397	3	ups	create	2026-06-10 07:40:28.72
398	3	ups	edit	2026-06-10 07:40:28.72
399	3	ups	export	2026-06-10 07:40:28.72
400	3	printer	view	2026-06-10 07:40:28.72
401	3	printer	create	2026-06-10 07:40:28.72
402	3	printer	edit	2026-06-10 07:40:28.72
403	3	printer	export	2026-06-10 07:40:28.72
404	3	tools_jaringan	view	2026-06-10 07:40:28.72
405	3	tools_jaringan	create	2026-06-10 07:40:28.72
406	3	tools_jaringan	edit	2026-06-10 07:40:28.72
407	3	tools_jaringan	export	2026-06-10 07:40:28.72
408	3	cctv	view	2026-06-10 07:40:28.72
409	3	cctv	create	2026-06-10 07:40:28.72
410	3	cctv	edit	2026-06-10 07:40:28.72
411	3	cctv	export	2026-06-10 07:40:28.72
412	3	storage	view	2026-06-10 07:40:28.72
413	3	storage	create	2026-06-10 07:40:28.72
414	3	storage	edit	2026-06-10 07:40:28.72
415	3	storage	export	2026-06-10 07:40:28.72
416	3	stock_move	view	2026-06-10 07:40:28.72
284	4	lifts	view	2026-05-11 03:38:28.765
285	4	lifts	create	2026-05-11 03:38:28.765
286	4	laptops	view	2026-05-11 03:38:28.765
287	4	mouse	edit	2026-05-11 03:38:28.765
288	4	stock_move	view	2026-05-11 03:38:28.765
289	4	stock_move	create	2026-05-11 03:38:28.765
290	4	stock_move	edit	2026-05-11 03:38:28.765
291	4	dashboard	view	2026-05-11 03:38:28.765
292	4	storage	view	2026-05-11 03:38:28.765
293	4	monitor	view	2026-05-11 03:38:28.765
417	3	stock_move	create	2026-06-10 07:40:28.72
418	3	stock_move	edit	2026-06-10 07:40:28.72
419	3	stock_move	export	2026-06-10 07:40:28.72
420	3	handover	view	2026-06-10 07:40:28.72
421	3	handover	create	2026-06-10 07:40:28.72
422	3	handover	edit	2026-06-10 07:40:28.72
423	3	handover	export	2026-06-10 07:40:28.72
424	5	dashboard	view	2026-06-11 06:46:30.208
425	5	lifts	view	2026-06-11 06:46:30.208
426	5	lifts	create	2026-06-11 06:46:30.208
427	5	lifts	edit	2026-06-11 06:46:30.208
428	5	laptops	view	2026-06-11 06:46:30.208
429	5	laptops	create	2026-06-11 06:46:30.208
430	5	laptops	edit	2026-06-11 06:46:30.208
431	5	pcs	view	2026-06-11 06:46:30.208
432	5	pcs	create	2026-06-11 06:46:30.208
433	5	pcs	edit	2026-06-11 06:46:30.208
434	5	mouse	view	2026-06-11 06:46:30.208
435	5	mouse	create	2026-06-11 06:46:30.208
436	5	mouse	edit	2026-06-11 06:46:30.208
437	5	monitor	view	2026-06-11 06:46:30.208
438	5	monitor	create	2026-06-11 06:46:30.208
439	5	monitor	edit	2026-06-11 06:46:30.208
440	5	ups	view	2026-06-11 06:46:30.208
441	5	ups	create	2026-06-11 06:46:30.208
442	5	ups	edit	2026-06-11 06:46:30.208
443	5	printer	view	2026-06-11 06:46:30.208
444	5	printer	create	2026-06-11 06:46:30.208
445	5	printer	edit	2026-06-11 06:46:30.208
446	5	tools_jaringan	view	2026-06-11 06:46:30.208
447	5	tools_jaringan	create	2026-06-11 06:46:30.208
448	5	tools_jaringan	edit	2026-06-11 06:46:30.208
449	5	cctv	view	2026-06-11 06:46:30.208
450	5	cctv	create	2026-06-11 06:46:30.208
451	5	cctv	edit	2026-06-11 06:46:30.208
452	5	storage	view	2026-06-11 06:46:30.208
453	5	storage	create	2026-06-11 06:46:30.208
454	5	storage	edit	2026-06-11 06:46:30.208
455	5	stock_move	view	2026-06-11 06:46:30.208
456	5	stock_move	create	2026-06-11 06:46:30.208
457	5	stock_move	edit	2026-06-11 06:46:30.208
458	5	handover	view	2026-06-11 06:46:30.208
459	5	handover	create	2026-06-11 06:46:30.208
460	5	handover	edit	2026-06-11 06:46:30.208
\.


--
-- Name: activity_logs_id_seq; Type: SEQUENCE SET; Schema: public; Owner: kalam
--

SELECT pg_catalog.setval('public.activity_logs_id_seq', 79, true);


--
-- Name: cctv_id_seq; Type: SEQUENCE SET; Schema: public; Owner: kalam
--

SELECT pg_catalog.setval('public.cctv_id_seq', 11, true);


--
-- Name: handovers_id_seq; Type: SEQUENCE SET; Schema: public; Owner: kalam
--

SELECT pg_catalog.setval('public.handovers_id_seq', 2, true);


--
-- Name: laptop_histories_id_seq; Type: SEQUENCE SET; Schema: public; Owner: kalam
--

SELECT pg_catalog.setval('public.laptop_histories_id_seq', 4, true);


--
-- Name: laptops_id_seq; Type: SEQUENCE SET; Schema: public; Owner: postgres
--

SELECT pg_catalog.setval('public.laptops_id_seq', 257, true);


--
-- Name: lifts_id_seq; Type: SEQUENCE SET; Schema: public; Owner: postgres
--

SELECT pg_catalog.setval('public.lifts_id_seq', 103, true);


--
-- Name: monitor_id_seq; Type: SEQUENCE SET; Schema: public; Owner: kalam
--

SELECT pg_catalog.setval('public.monitor_id_seq', 29, true);


--
-- Name: mouse_id_seq; Type: SEQUENCE SET; Schema: public; Owner: kalam
--

SELECT pg_catalog.setval('public.mouse_id_seq', 22, true);


--
-- Name: pc_histories_id_seq; Type: SEQUENCE SET; Schema: public; Owner: kalam
--

SELECT pg_catalog.setval('public.pc_histories_id_seq', 1, false);


--
-- Name: pcs_id_seq; Type: SEQUENCE SET; Schema: public; Owner: kalam
--

SELECT pg_catalog.setval('public.pcs_id_seq', 60, true);


--
-- Name: printer_id_seq; Type: SEQUENCE SET; Schema: public; Owner: kalam
--

SELECT pg_catalog.setval('public.printer_id_seq', 38, true);


--
-- Name: stock_item_types_id_seq; Type: SEQUENCE SET; Schema: public; Owner: postgres
--

SELECT pg_catalog.setval('public.stock_item_types_id_seq', 25, true);


--
-- Name: stock_transactions_id_seq; Type: SEQUENCE SET; Schema: public; Owner: kalam
--

SELECT pg_catalog.setval('public.stock_transactions_id_seq', 43, true);


--
-- Name: stock_vendors_id_seq; Type: SEQUENCE SET; Schema: public; Owner: postgres
--

SELECT pg_catalog.setval('public.stock_vendors_id_seq', 3, true);


--
-- Name: storage_id_seq; Type: SEQUENCE SET; Schema: public; Owner: kalam
--

SELECT pg_catalog.setval('public.storage_id_seq', 3, true);


--
-- Name: tools_jaringan_id_seq; Type: SEQUENCE SET; Schema: public; Owner: kalam
--

SELECT pg_catalog.setval('public.tools_jaringan_id_seq', 15, true);


--
-- Name: ups_id_seq; Type: SEQUENCE SET; Schema: public; Owner: kalam
--

SELECT pg_catalog.setval('public.ups_id_seq', 24, true);


--
-- Name: ups_stock_transactions_id_seq; Type: SEQUENCE SET; Schema: public; Owner: kana22
--

SELECT pg_catalog.setval('public.ups_stock_transactions_id_seq', 4, true);


--
-- Name: user_permissions_id_seq; Type: SEQUENCE SET; Schema: public; Owner: kalam
--

SELECT pg_catalog.setval('public.user_permissions_id_seq', 460, true);


--
-- Name: users_id_seq; Type: SEQUENCE SET; Schema: public; Owner: kalam
--

SELECT pg_catalog.setval('public.users_id_seq', 5, true);


--
-- PostgreSQL database dump complete
--

\unrestrict BdZmtZ9oOfLMJyYYvgPbAoxX8fc8nDGh9Oee6LOO3eXbe3MNWZkKgjp3UjIsCkx

